ἄβατος	οὐ παρέχων ἑαυτὸν βαίνειν· οὗ μὴ πάρεστι βαίνειν.
ἀγαῖσι	ἀγαῖς. ἡ δ’ ἀγὴ γίγνεται ἐάν τι καταχθῇ. κωπῶν ἀγαί· κωπαὶ τεθραυσμέναι.
ἀγάλλομαι	μέγα φρονῶ, σεμνύνοµαι, φιλοτιμοῦμαι
ἄγαλμα	μορφὴ θεοῦ λιθίνη ἡ χαλκῆ ἢ ἀργυρᾶ ἢ χρυσᾶ. ὁ δ’ ἀνδριάς, εἰκὼν ἀνθρώπου.
ἄγᾱν	λίαν, πλέον τοῦ δέοντος.
ἀγανακτῶ	χαλεπαίνω. ἀγανακτεῖ τις, χαλεπῶς φέρων.
ἀγγελίᾱν	ἀγγέλλει ἄγγελος
ἀγγέλλω	λέγω ὡς νέον ὄν, ἀγγελίαν φέρω.
ἄγγελος	ἀγγέλλει ἀγγελίαν
ἀγέλη	σύλλογος καὶ πλῆθος τῶν τ’ ἄλλων ζῴων καὶ τῶν βοῶν
ἀγένειος	ἄνευ πώγωνος, ἄνευ γενείου
ἀγεννής	οὐ γενναῖος, οὐκ εὐγενής.
ἄγκιστρον	σιδηρὸς καμπύλος ἐκ λίνου ἐξηρτημένος πρὸς τὸ ἁλιεύειν.
ἄγκῡρα	anchor
ἀγνοῶ	οὐκ οἶδα. ἀγνοεῖ δὴ ὁ μὴ εἰδώς
ἀγνώς	ἄγνωστος
ἄγνωστος	ὅ μὴ δύναταί τις καταμαθεῖν καὶ γιγνώσκειν, τοῦτ’ ἄγνωστον.
ἀγορά	market place, ἐν τῇ ἀγορᾷ ἀγοράζουοι μὲν οἱ ἀγορασταί, πωλοῦσι δὲ οἱ πωληταί· καὶ δὴ καὶ ἐκκλησιάζουσιν οἱ ἐκκλησιασταί.
ἄγρά	θήρα
ἄγριος	wild, uncultivated, οὐχ ἥμερος. τὰ μὲν δένδρα τὰ ἄγρια ἐν τῇ ὕλῃ ἐστὶ καὶ πανταχοῦ· τῶν δὲ θηρίων τῶν ἀγρίων τὰ μὲν ἐχθρὰ τοῖς ἀνθρώποις, τὰ δὲ θηρῶσιν οἱ ἄνθρωποι
ἀγριῶ	ἀγριοῦταί τις ἄγριος γενόμενος καὶ χαλεπαίνων.
ἄγροικος	ὁ ἐν ἀγροῖς
ἀγρός	field
ἀγροί	country-side
ἀγρυπνῶ	ἐάν τις μὴ καθεύδῃ, ἀγρυπνεῖ· ἀγρυπνία δ᾽ ἔχει αὐτὸν
ἄγω	lead; celebrate (feast). ἄγω μὲν ἵππον, ἄγω δὲ καὶ ἑορτήν.—ὅρα καὶ τὸ φέρω.
ἀγών	ἅμιλλα, ἔρις. ἀγωνίζονται δ’ ἀγωνισταί.
ἀγωνίζομαι	ἀγῶνα ποιοῦμαι
ἄδειπνος	ἄνευ δείπνου
ἀδελφιδῆ	θυγάτηρ τῆς ἀδελφῆς ἢ τοῦ ἀδελφοῦ. ὁ δ’ ἄρρην ἐστὶν ἀδελφιδοῦς
ἀδελφός	brother, παῖς ἐστι τῆς αὐτῆς μητρός· ὁ μὲν ἀθελφός, ἡ δ’ ἀδελφή.
ᾄδω	sing. ᾠδὴν ᾄδομεν· ᾄδει δὲ καὶ τὰ ὀρνίθια
ἄδωρος	δῶρον ἄδωρον κακόν ἐστι δῶρον, οἷον οὐκ ἄν τις ὀρθῶς καλοίη δῶρον
ἀηδῶς	οὐκ ἀσμένως, οὖχ ἡδέως
Ἁθήναζε	πρὸς Ἀθήνας
Ἀθηναία	Ἀθηνᾶ, ἡ Αθήνη, θεὰ οὖσα παρθένος
Ἀθήνη	θεὰ τῶν Ἀθηνῶν φύλαξ καὶ σώτειρα. ἔστι δὲ πασῶν τεχνῶν ἔμπειρος
Ἀθήνησιν	ἐν Ἀθήναις
ἆθλον	μισθὸς ἀγῶνος· αὐτίκα γὰρ οἱ Ὀλυμπίασιν ἀθληταὶ ἐστεφανοῦντο κοτίνου στεφάνῳ
ἀθῡμῶ	ἄθυμός εἰμι καὶ οὐ θαρρῶ.
ἄθυρμα	τοῖς ἀθύρμασι παίζει τὰ παιδία· ἀθύρματα δ’ ἂν εἴη καὶ γυναικῶν κόσμος.
αἶα	γῆ.
αἰγιαλός	ἡ παρὰ θαλάττῃ γῆ, τὸ παραθαλάττιον τῆς γῆς.
Αἴγῑνα	νῆσός ἐστι μεγάλη ἐν τῷ κόλπῳ, ἀπέχει δὲ ἑκατὸν καὶ εἴκοσι σταδίους τῆς Ἀττικῆς.
Αἰγῑναῖος	τῆς Αἰγίνης.
Αίγυπτος	ἐν τῇ Αἰγύπτῳ ῥεῖ Νεῖλος ποταμός.
αἰδοῦμαι	αἰδως ἔνεστί μοι, αἰσχύνομαι, δι’ αἰδοῦς εἰμι.
αἰετός,	eagle.
αἰετώδης	ὅμοιος αἰετῷ.
αἰθρίᾱ	λαμπρὸς ἀήρ.
αἴθον	λάμπων.
αἱμασίᾱ	τοῖχος κήπου ἢ χωρίου.
αἰνιγμα	γνώμη νοῦν ἔχουσα οὐ σαφῆ· γρῖφος.
αἴξ,	goat
αἰόλος	πολλὰ χρώματα ἔχων.
αἰπόλος	αἰγῶν νομεύς.
αἴρω,	lift.
αἰσθάνομαι	ὁρῶν ἢ ἀκούων ἢ θιγγάνων. αὕτη δ’ ἐδτὶν αἴσθησις. μανθάνω δὲ τὴ αἰσθήσει.
αἴσιος	εὐτυχὴς ἐκ θεῶν.
αίσχρός	κακός, οὐ καλὸς ἰδεῖν.
αἱσχῡνομαι	αἰδοῦμαι· αἰσχύνη μ’ ἔχει, ὥστε μὴ λέγειν ἢ ποιεῖν τι.
αἰτίᾱ	παντὸς γενομένου ἐστὶν αἰτία· αυτίκα γὰρ ὁ ὑετὸς αἰτία τοῦ ὑγρὸν γενέσθαι.
αἱτῶ	demand, ἀξιῶ ἔχειν. αἰτεῖ τις ἢ ἀξιοῖ ἔχειν ὃς ἂν κελεύῃ ἄλλον δοῦναι ἑαυτῷ ἢ ἀποδοῦναι.
ἀκανθα	thorn.
ἀκάτιον	πλοῖον μικρόν.
ἀκίνητος	οὐ κινούμενος· κατὰ χώραν μένων αἰεί.
ἄκλητος	οὗτος ὃν ἂν μηδεὶς καλῇ ἐπὶ δεῖπνον. τίς δ’ ἂν ἄκλητος ἔλθοι;
ἀκμάζω	ἐν ἀκμῇ εἰμι.
ἀκμή	τὸ ἀκρότατον· καιρός.
ἀκοή	ἔργον τῶν ὤτων· τὸ ἀκούειν.
ἀκολουθῶ	follow. ἀκολουθοῦσιν οἱ ἑπομενοι καὶ οἱ ἀκόλουθοι.
ακόντιον	ἄκων μικρός, δόρυ μικρόν.
ἄκοσμος	ἄνευ κόσμου.
ἀκόσμως	οὐ κατὰ κόσμον.
ἀκριβῶς	exactly, καθ’ ἕκαστα.
ἀκρόπολις	ἡ ἄκρα πόλις· ἡ πέτρα ἡ Ἀθήνησιν, ὅπου ἵδρυται ὁ Παρθενών.
ἄκρος	top, end (adj.). τὰ ἄκρα· τὰ ἔσχστα, καὶ κρημνοὶ τῆς γῆς, ἀκρωτήρια.
ἀκρωτήριον	ἄκρον τῆς γῆς· κρημνὸς προέχων εἰς τὴν θάλατταν.
ἀκτή	αἰγιαλός· τὸ παρθαλάττιον, ῥαχία, οὗ κατάγνυται καὶ ῥήγνυται ὁ κλύδων τῆς θαλάττης.
ἀλγηδών	ἄλγος, λύπη.
ἀλγῶ	feel pain. ἀλγεῖ τις ἄλγος ἔχων.
ἄλευρα	πυροὶ ἀληλεσμένοι.
ἀληθής	οὐ ψευδής· τὰ ὄντα ἀληθῆ ἐστιν.
ἀληθινός	ἀληθής, οὐ ψευδής.
ἀλῃτούργητος	ἄνευ λῃτουργίας.
ἁλιεύς	ὁ ἰχθῦς θηρῶν.
ἁλιεύω	ἁλιεύς εἰμι· ἰχθῦς αἱρῶ.
ἅλις	ὄσον χρή, ἅλις ἐστίν· ὂ ἀρκεῖ. οὔτε πλέον τοῦ δέοντος οὔτ’ ἔλαττον, τοῦτ’ ἐστὶν ἅλις.
ἁλισκομαι	ἁλίσκεταί τις, ἐὰν μὲν αἱρεθῇ ὐπὸ πολεμίων, ἐὰν δὲ κρίνῃ ὁ κριτὴς ἀδικεῖν.
ἀλλὰ	but.
ἀλλὰ νὴ Δία	οὕτως τις σημαίνει τὸ ὑπὸ τοῦ ἐναντίου λεγόμενον, ἵνα ἐξετάσῃ ἀντιλέγων.
ἀλλήλους/λων	each other.
ἀλλοιόμορφος	δεινὸς τὴν μορφήν, θαυμάσιος.
ἄλλος	other, another; besides.
ἄλλοτε	sometimes, ἐνίοτε, ἔστιν ὅτε.
ἄλλότριος	οὐκ οἰκεῖος· τὰ τῶν ἄλλων ἀλλότρια ἄν εἴη, τὰ μὴ ἴδια.
ἄλλως	otherwise, ἅλλῳ τρόπῳ, οὐ τῷ αὐτῷ τρόπῳ. — εἰκῆ, ἄνευ νοῦ.
ἅλμη	ὕδωρ ἁλμυρόν, ἅλς, θάλαττα.
ἁλόντι	αἰρεθέντι. ὅρα τὸ ἁλίσκομαι.
ἄλς	salt.
ἀλῠ́ω	πλανὼμαι ὠς ἐκτὸς ὥν ἐμαυτοῦ
ἄλφιτα	κριθαὶ ἀληλεσμέναι
ἀλῶ	σῖτον ἀλοῦμεν τῇ μύλῃ
ἀλώπηξ	fox.
ἅμα	together, μετ’ ἀλλήλων· οὐ χωρίς.
ἅμαξα	cart, carriage. ἐφ’ ἁμάξης ὀχούμεθα· ἕλκουσι δ’ ἅμαξαν ἵπποι ἢ βόες· εἰσὶ δὲ νῦν καὶ αὐτόμαται ἅμαξαι.
ἁμαρτάνω	οὐκ ὀρθῶς ποιῶ, σφάλλομαι.
άμείβομαι	ἀκποκρίνομαι.
ἅμεινον	μᾶλλον εὖ, κάλλον.
ἀμείνων	μᾶλλον ἀγαθὸς ἢ ἀνδρεῖος.
ἀμέλγω	οἶν ἢ βοῦν, πιέζων τὸ οὖθαρ ὥστ’ ἐκρεῖν τὸ γάλα.
ἀμέλεια	ἐάν τις ᾖ ἀμελής, οὐδὲν μέλει αὐτῷ οὐδενός.
ἄμελῶ τούτου	οὖ μηδέν μοι μέλει.
ἀμήχανς	ἐὰν μή τις ᾖ μηχανὴ τοῦ ἐκφεύγειν.
ἅμιλλα	ἄγών, contest.
ἀμουσίᾱ	ἀμαθία, ἀβελτερία, φαυλότης τῶν τρόπων.
ἅμουσος	ἄνευ μουσικῆς.
άμῠ́νω	drive back, beat off. ἀμύνομεν τοὺς πολεμίους τοῖς φίλοις· ἀνυμόμεθα δ’ ἡμῖν αὐτοῖς.
ἀμφί τι,	around, near, about.
ἀμφί τινος,	about.
ἀμφιγνοῶ	οὐκ οἶδα ὅ τι ποιήσω· ἀπορῶ, ἐνδοιάζω.
ἀμφιέννῡμι	περιβάλλω ἐσθῆτά τινι. αὐτὸς δὲ καθ’ ἡμέραν ἀμφιέννυμαι.
αμφιέσασθαι	περιβαλέσθαι.
ἀμφικαλύπτω	κρύπτω, περιβάλλω.
ἀμῶ	τὸ ἀμᾶν ἐστι τὸ θερίζειν, τὸ τὸν σῖτον τέμνειν.
ἀνά τι	up along, throughout, over. ἀνὰ δέκα, by tens.
ἀναγιγνώσκω	read
ἀναγκάζω	βιάζω
ἀναγκαῖος	κατ’ ἀνάγκην, ἢ ἀνάγκῃ
ἀνάγκη	necessity
ἀνάγομαι	τὴν ναῦν ἀρχόμενος τοῦ πλοῦ
ἀναγωγή	ἄρχη τοῦ πλοῦ
ἀναδέω	δέω περὶ τῆς κεφαλῆς τῆς ἄλλoυ τινός· περὶ δὲ τῆς ἐμαυτοῦ, ἀναδοῦμαι.
ἀναδίδωμι	ἀναπέμπω
ἀναδοῦμαι	περισφίγγοµαι περὶ τῆς κεφαλῆς
ἀναζητῶ	ζητῶ μετὰ σπουδῆς
ἀνάθημα	ὃ δίδοµεν τοῖς θεοῖς, ἀναθέντες ἐν τοῖς νεῷς
ἀναιδής	ἄγευ αἰδοῦς· ἀναίσχυντος. ἐὰν µή τις ἔχῃ αἰδῶ, ἀναιδής ἐστιν.
ἀναιρῶ	ἀναλαμβάνω
ἀνακαλύπτομαι	ἀποβάλλω τὸ κάλυμμα
ἀνάκειμαι	τοῖς θεοῖς ἀνατιθέασιν ἀναθήματα· ταῦτα δ᾽ ἀνάκειται
ἀνακρούομαι (ἐπὶ) πρύμναν	back water, hold up the ship, ἔµπαλιν ἐρέττω
ἀνακρούω ἵππον	ἐλαύνω ὥστε βαίνειν ἔμπαλιν, ἔχοντα τοὺς ὀπισθίους πόδας ἐμπροσθεν.
ἀνακύπτω	ἐξωθῶ τὴν κεφαλὴν ὑπέρ τινος
ἀναλαμβάνω	ἀναψύχω
ἀνᾱλίσκω	δαπάνμν δίδωμι· ἀργύριον ἀποδίδωμι· καὶ χρόνον ἀναλίσκοι τις ἄν, καὶ φροντίδας, καὶ ἄλλα.
ἀναμένω	wait.
ἀναμιμνῄσκω	εἰς µνήµην ἐπαναφέρω, ὥστε μὴ λελῆσθαι
ἀνανεύω	οὔ φηµι, ἀναβάλλων τὴν κεφαλήν. ἐὰν δὲ φῶ, κατανεύω
ἀναπήγνῡμι	ἀνατίθημι ἀνάθημα
ἀναρχίᾱ	τὸ µηδένα ἄρχειν· ὅταν ἄρχῃ µηδείς
ἀνασκάπτω ἐκ τῆς γῆς	τὸ ἐναντίον τοῦ κατορύττειν
ἀνασπῶ	pull up. ἀνασπᾷ μέν τις ἀγκύρας, ἀποσπᾷ δὲ ξίφος ἐκ τοῦ κολεοῦ
ἀναστενάζω	στένω. στένουσι δ’ οἵ τε θρηνοῦντες καὶ τῶν ὀρνίθων ἔνιοι
ἀνατέλλω	μετὰ τὴν ἕω ἀνατέλλει ὁ ἥλιος, νυκτὸς δ’ ἀνατέλλει ἥ τε σελήνη καὶ τὰ ἄστρα· αὕτῃ δ’ ἐστὶν ἀνατολή
ἀνατρίβω	ἐὰν ψυχρὰ ᾗ τὰ σκέλη καὶ τὰ τοιαῦτα, ἀνατρίβοντες ταῖς χερσὶν Θερμαίνομεν.
ἀναφέρω	lift
ἀναχωρῶ	retire, βαίνω πρὸς τὸ ὄπισθεν. ἀναχωροῦσιν οἱ πολέµοι ὅταν πάλιν οἴκαδε πορεύωνται.
ἀναψυχή	παυλα, παραμύθιον.
ἀναψύχω	ἀναψυχὴν παρέχω καὶ ἡσυχίαν, ὥστε ἀναπνεῖν καὶ ἀναβιοῦν πάλιν.
ἀνδράποδον	δούλος
ἀνδρεῖος	οὐ δειλός, ἀλλ’ ὡς πρέπει ἄνδρα εἶναι
ἀνδριάς	εἰκὼν ἀνδρός· λέγοις δ’ ἂν ἄλλο μὲν τὸν ἀνδριάντα, ἄλλο δὲ τὸ ἄγαλμα.
ἀνδρών	τὸ τῶν ἀνδρῶν δωμάτιον
ἀνέκραγον	ἐβόησα.
ἄνεμος	wind; αὔρα· Βορέας, Νότος, Ζέφυρος, Εὖρος. πνεῖ καὶ φυσᾷ ὁ ἄνεμος.
ἄνευ τινός	without
ἀνήρ	ἄνθρωπος ἄρρην.
ἀνθρακεὺς	καίει ἄνθρακαν.
ἄνθραξ	καίουσι μὲν ξύλον ὥστε μέλαν γενέσθαι, καὶ τούτῳ χρῶνται οἱ μαγειροὶ ἵνα ὀπτῶσι κρέα. οὗτοι δ’ εἰσὶν ἄνθρακες.
ἀνθρώπινος	ἀνθρώπου, ἢ ὥσπερ ἀνθρώπου.
ἀνίκητος	ἀήττητος, οὐ νενικημένος.
ἀνιῶμαι	ὀδύνην ἔχω· ταλαιπωρῶ.
ἄνοδος	ἡ ἄνω ὁδός.
ἀνοίγω	open
ἀνοικτός	open
ἀνόσιος	ἀνόσιον ὃ μὴ ἔξεστι πράττειν· ἀσεβές· ἐχθρὸν τοῖς θεοῖς.
ἀνταμείβομαι	ἀποκρίνομαι, λέγω ἐρωτηθείς.
ἀντέχομαί τινος	ὅταν ἀντιλαμβάνωµαι αὐτοῦ, μηδὲ ἐθέλω ἀφιέναι.
ἀντέχω	βεβαιὸς ὤν οὐκ ἀναχωρῶ.
ἀντί τινος	instead
ἀντλίᾱ	ὕδωρ ἐστὶν ἐν κοίλῃ νηΐ, ἣν ἐξαντλοῦσιν οἱ ναῦται, μὴ καταποντισθῇ.
ἄντρον	κοῖλος τόπος ἐν πέτρᾳ.
ἀντῳδός	ἀκούσας τις ᾠδήν, ᾅδοι ἂν ᾠδὴν ἀντὶ ταύτης ἀντῳδόν.
ἀνυπόδητος	ἄνευ ὑποδημάτων, ἀπέδιλος.
ἀνύω	τελῶ, τελευτῶ. ἀνύσας ποιῶ· ταχέως ποιῶ.
ἄξενος	οὐ φιλόξενος.
ἀξίᾱ	ἐστὶ τοῦθ', οὗπερ ἄξιόν ἐστί τι,
ἀξίνη	Axe
ἀπάγε	ἄπαγε σεαυτόν, ἢ ἄπαγε, ἀπελθέ· οὐκ ἂν φθάνοις ἀπελθών;
ἁπαλός	µαλθακός, µαλακός· οὐ σκληρός, οὐ τραχύς.
ἀπαμύνω	κατίσχω ὥστε μὴ πλησίον ἰέναι· ἀπωθῶ.
ἀπαντῶ	βαίνω ἐναντίον. ἀπαντᾷ δ’ ὃς ἂν ἐντύχῃ τινί.—ἀποκρίνομαι λέγων, ἀνταμείβομαι.
ἅπαξ	once
ἀπαρτῶ	δέω ἔκ τινος, ἐξαρτῶ δεσμοῖς χρώµενος.
ἅπᾶς	πᾶς
ἀπάτη	δόλος. τὸ ψευδές· τὸ μὴ ἀληθές.
ἀπέδρᾱ, ἀπέδρᾱμεν	ὅρα τὸ τρέχω
ἀπειλῶ	λέγων δράσειν τι κακὸν ἀπειλεῖ τις· αὕτη δ’ ἂν εἴη ἀπειλή.
ἀπεῖπον	ἔκαμνον.
ἀπαγορεύω	κάµνω
ἀπέχει	is distant
ἀπηλλάγη	ἀπῆλθεν.
ἁπλοῦς	simple. ἁπλούστερος, -τατος.
ἄπνοια	ἐπειδὰν μὴ πνέωνται οἱ ἄνεμοι, ἢ μὴ πνέῃ ἄνθρωπος.
ἄπνους	ἄνευ πνεύματος.
ἀπό τινος	from
ἀποβάθρᾱ	ᾗ ἐκβαίνουσιν ἐκ τῆς νεώς.
ἀποδίδομαι	πωλῶ, ὦνον λαβών.
ἀποδιδράσκω	ἀποτρέχω.
ἀποδίδωμι	οἷ ἂν χρῇ διδόναι.
ἀποδύω	περιαιρῶ ἐσθῆτά τινι.
ἀποθήκη	ἐν ταύτῃ ἀποτίθεμεν καὶ σῖτον καὶ ἄλλα.
ἀποθνῄσκω	τελευτῶ τὸν βίον.
ἀποθραύω	θραύσας ἢ παίσας ῥήγνυμι ἀπό τινος.
ἀποικοδομῶ	οἰκοδομῶ τεῖχος ἐγκάρσιον, ὥστε μὴ δίοδον εἶναι.
ἀποκρύπτω	καλύπτω εὖ.
ἀποκτείνω	kill, ὃν ἂν ἀποκτείνῃς, οὗτος ἀποθνῄσκει, καὶ νεκρὸς γίγνεται ἤδη.
ἀπολαύω	µετέχω.
ἀπόλλῡμι	διαφθείρω· ἀφανίζω.
ἀπομάττω	ἀπομόργνυμι. καταψῶ, τρίβω ταῖς χερσίν.
ἁπόμνῡμι	μὴ ἔχειν ὅ τι μὴ ἔχω· ὄμνυμι δ’ ἔχειν ὅ τι ἂν ἔχω.
ἀπομύττομαι	καθαίρω τὴν ῥῖνα μετὰ φυσήματος, ὥσπερ σαλπιγκτὴς σαλπίζων τῇ σάλπιγγι
ἀπονίζω (-νίψω, -ένιψα)	λούω, ἀπολούω ὕδατι.
ἀπορῶ	οὐκ ἔχω πόρον οὔτε µηχανήν, ᾗτινι χρήσοµαι.
ἀποσβέννῡμι	σβέννυµι.
ἀπόστασις	ἐστιν τὸ µεταξύ, ὅταν ἀποστῶσιν ἀλλήλων τινὲς καὶ ἀπέχωσιν.
ἀποστρέφω	καὶ ἀποτρέπω καὶ ἀποτρέπομαι.
ἀποχωρῶ	ἀπέρχομαι
ἅπτομαι	θιγγάνω.
ἀπωθῶ	reject; ἀπαμύνω.
ἀπώλετο	διεφθάρη, ἠφανίσθη, φροῦδος ἐγένετο.
ἆρα	(question-mark).
ἄρα	therefore, then. ταῦτ’ ἄρα, then that was why.
ἀράχνη	spider. ἡ δὲ νεῖ ἀράχνια.
ἀράχνιον	νῆμα ἀράχνης.
ἀργός	ἄνευ ἔργου· οὐκ ἐνεργός· κενός· κείµενος µάτην.
ἀργύριον	money
ἄργυρος	silver.
ἀργυροῦς	made from silver
ἀριθμός	number. ἡ τοῦ ἀριθμοῦ τέχνη ἀριθμητικὴ ἂν καλοῖτο.
ἀριθμῶ	count
ἀριστεῖα	τάριστεῖα ἔπαινος καὶ μισθὸς τοῦ ἀρίστου.
ἀριστερός	left. αἱ χεῖρές εἰσιν ἡ μὲν δεξιά, ἡ δὲ ἀριστερά.
ἄριστον	breakfast
ἄριστος	μάλιστα ἀγαθός. (ἀγαθός, ἀμείνων, ἄριστος.)
ἀριστῶ	ἄριστον ἐσθίω. ὅρα τὸ ἄριστον.
ἄρκτειος	ἄρκτου (bear).
ἀρκτοῦρος	ἄστρον ἐστί, ἀνατέλλει δὲ πρὸς τὸ φθινόπωρον, μηνὸς Βοηδρομιῶνος.
Ἁρμόδιος καὶ Ἀριστογείτων	ἀπέκτειναν Ἵππαρχον, ἀδελφὸν ὄντα Ἱππίου τοῦ Ἀθήνησιν τυράννου· ἐτυράννενε δ’ ὁ Ἱππίας ἔτι τέτταρα ἔτη· μετὰ ταῦτα ἐξέπεσεν, καὶ κατέστη δημοκρατία.
ἁρμονίᾱ	συμφωνία καὶ κόσμος.
ἄρνες	ὁ ἀμνός, τοῦ ἀρνός, τῷ ἀρνί, τὸν ἄρνα, καὶ τὰ λοιπὰ οὕτως· τέκνον τοῦ προβάτου.
ἀροτὴρ ἢ ἀρότης	ἀροῖ τὴν γῆν ἀρότρῳ.
ἄροτρον	ὄργανον τοῦ τὴν γῆν ἀροῦν.
ἄρρην	ὁ ἀνὴρ ἄρρην, ἡ δὲ γυνὴ θήλεια.
ἄρριχος	κανοῦν.
ἄρτι	νεωστί.
ἀρτιγέννητος	ἄρτι γεγενημένος
ἄρτος	bread. ἀμείνων ἐστὶν ἄρτος µάζῃς· ὅρα τὸ μᾶζα.
ἀρχαῖος	παλαιός, τοῦ πάλαι.
ἀρχεῖον	οἴκημα ἐν ᾧ ὁ ἄρχων κάθηται· τὰ δ’ ἀρχεῖα ἄλλα τ’ ἐστὶ καὶ τὰ δημόσια γράμματα.
ἀρχή	τὸ ἄρχειν.
ἀρχηγός	ἄρχων, πρῶτος· ὃς ἂν ἄρχῃ καὶ ἄγῃ.
ἀρχήν	τὴν ἀρχήν, at all.
ἀρχιδιδάσκαλος	chief instructor.
ἄρχω	rule. ἄρχει ὁ ἄρχων τῶν ἀρχομένων.
ἀρῶ	ἀροῖ τις τὴν γῆν ἀρότης ὤν, πρῶτον μὲν καθιεὶς τὸ ἄροτρον, ἔπειτα ἐλαύνων τὼ βόε· ὥστε κατατέµνει αὔλακας ἐν τῇ ἀρούρᾳ.
ἀρωγή	βοήθεια.
ἀσέβεια	οἱ ἀσεβεῖς ποιοῦσι τὰ θεοῖς ἐχθρά, ἀμελοῦντες τῶν θεῶν.
Ἀσκληπιεῖον	ἱερὸν ἢ τέµενος Ἀσκληπιοῦ, θεοῦ ἰατροῦ.
ἀσκός	ὥσπερ σάκκος δερµάτινος· ἐξέδερον γὰρ τοὺς αἶγας καὶ ἐποίουν τὸ δέρµα ἀσκόν, ὥστε ἐγχέαι οἶνον.
ἀσκῶ	ποιῶ τι κατ’ ἔθος. ἀσκεῖ δέ τις τέχνην, ἀσκῶν δὲ ἔμπειρος γίγνεται· ἀσκοίη δ’ ἂν καὶ ἀρετὴν καὶ κακίαν.
ᾆσμα	ᾠδή. ᾄδομεν ᾄσματα.
ἄσμενος	willing, ἑκών, οὐκ ἄκων, ἐκούσιος, οὐκ ἀκούσιος.
ἀσπάζομαι	ξένος ξένον ἀσπάζεται, καὶ καλεῖ ἐπὶ ξενίαν.
ἀστήρ	ἄστρον. λάμπουσι δ’ οἱ ἀστέρες ἐν τῷ οὐρανῷ.
ἀστράγαλος	knuckle-bone.
ἀστραπή	lightning. ἀστράπτει ἡ ἀστραπή.
ἀστράπτω	ἀστράπτει ὁ Ζεὺς ἀστραπὴν δεικνὺς ἐκ τῶν νεφελῶν, μετὰ βροντῆς.
ἄστρον	star, ἀστήρ. ἄστρα ἢ ἀστέρες φέγγη μέν εἰσιν ἐν τῷ οὐρανῷ, ἀλλ’ οὐ τὰ μέγιστα φέγγη.
ἄσχολος	ἐνεργός, ἄνευ σχολῆς.
ἀτελής	ἄνευ τελῶν ἢ φόρων. τὰ γὰρ τέλη φόρος ἐστίν, ὃν ἀποδιδόασιν οἱ πολῖται τῇ πόλει.
ἄτρακτος	spindle.
ἀτραπός	ὁδὸς στενή ἐστιν ἡ ἀτραπός.
ἄττα	neut. pl. of indef. τις.
ἅττα	ἅτινα, neut. pl. of ὅστις.
Ἀττικὴ γῆ	ἡ περὶ τῶν Ἀθηνῶν.
ἀτυχίᾱ	κακὴ τυχή, δυστυχία.
αὖ, αὖθις	πάλιν.
αὐλή	courtyard. κενόν ἐστι χωρίον πρὸ τῆς οἰκίας.
αὐλός	ὄργανον τῆς μουσικῆς· κάλαμος δ’ ἐστὶν ἔχων τρήµατα πολλά.
αὐλῶ	χρῶμαι αὐλῷ, ὄντι ὁργάνῳ µουσικῷ· αὐλῶν δ’ εἰμὶ αὐλητής, ὁ δὲ φθόγγος αὔλημα.
αὐξάνω	μεῖζον ποιῶ.
αὖος	ξηρός, οὐχ ὑγρός.
αὐτίκα	now; for example
αὐτόγυον	ἄροτρον αὐτόγυόν ἐστιν, ἐὰν ὁ γύης αὐτόφυτος ᾖ μηδὲ συµπηκτός.
αὐτόθεν	εὐθύς.
αὐτοῖς ὀβελοῖς	μετὰ τῶν ὀβελῶν.
αὐτομολῶ	ὁ ἀποδιδράσκων καὶ ἀποφεύγων δοῦλος αὐτομολεῖ· ὡσαύτως δὲ καὶ ὁ πρὸς πολεµίους φεύγων.
αὐτόπτης	ὁρῶν αὐτός.
αὐχήν	τράχηλος· τὸ μεταξὺ κεφαλῆς τε καὶ σώματος.
ἀφαίρεσις	τὸ ἀφαιρεῖν· µόνον οὐ κλοπή.
ἀφαρπάζω	βίᾳ λαβὼν ἀποφέρω.
ἄφθονος	ἄνευ φθόνου· πολύς,
ἀφίημι	οὐ κωλύω τινὰ μὴ οὐκ ἀπελθεῖν. καὶ δὴ καί τις ἀφίησι τόξα τε καὶ ἄλλα βέλη.
ἀφικνοῦμαι	ὁδοιπορῶν πρῶτον μὲν ὁρμᾶταί τις καὶ ἄρχεται τῆς ὁδοῦ· μετὰ ταῦτα πορεύεται καὶ ἐν ὁδῷ ἐστι· τέλος δ’ ἀφικνεῖται οἷπερ ἦν ὡρμημένος.
ἄφνω	ἐξαιφνῆς, ἀπροσδοκήτως.
ἀφορῶ	μόλις ὁρῶ πόρρωθεν, μακρὰν βλέπω, ἀποβλέπω, ἀμελήσας τῶν ἄλλων.
ἀφρασμόνως	ἄνευ τοῦ φράζεσθαι, ἀπερισκέπτως ἄνευ νοῦ.
ἄφραστος	δυσµαθής· χαλεπὸς μαθεῖν.
Ἀφροδίτη	θεὰ ἐρωτική.
ἄχθομαι	λυποῦµαι, χαλετῶς φέρω.
ἄχρι οὗ	ἕως.
ἄχρι τινός	up to, as far as, μέχρι.
ἄχυρον	ἀπόντων τῶν σταχύων, τὸ ἄλλο ἄχυρόν ἐστιν.
βαδίζω	walk. βαδίζεις δὴ τοῖς ποσὶ χρώµενος.
βακτηρίᾱ	ξύλον, σκῆπτρον.
βάλανος	καρπὸς δρυῶν. τοῦτον δὲ τρώγουσιν οἳ χοῖροι.
βαπτίζω	καθίηµι εἰς τὸ ὕδωρ, βρέχω.
βάρος	weight, τὸ βάρος βαρύ ἐστιν, καὶ βαρύνει τινά.
βαρύνομαι	ὀργίζομαί πως, χαλεπῶς φέρω, ἄχθομαι.
βαρύς	φωνὴ βαρεῖα μὲν ἀνδρός, ὀξεῖα δὲ γυναικός.
βασιλεύς	ἄρχων πόλεως οὐ καθ’ αἵρεσιν ἀλλὰ κατὰ γένος.
βασιλεύω	βασιλεύς εἰμι.
βασιλικός	τοῦ βασιλέως.
βασκαίνω	bewitch with the evil eye. βασκανία ἐστὶν αὕτη, ὁ δὲ βασκαίνων βάσκανος.
βαστάζω	φέρω.
βάτος	bramble
βάτραχος	τοῦτο τὸ ἕρπετον κράζει βρεκεκεκὲξ κοὰξ κοάξ, οἰκεῖ δ’ ἐν ἕλεσι καὶ λίμναις.
βεβυσμένος	κεκλῃσμένος· ὅρα καὶ τὸ βύω.
βῆμα	ἴχνος βαίνοντος. καὶ δὴ καὶ τὰ ἴκρια, ἐφ’ ὧν ἐπιστὰς ὁ ῥήτωρ λέγει· ἀναβαίνει μὲν ἐπὶ τὸ βῆμα, καταβαίνει δ’ ἀπὸ τοῦ βήματος.
βίᾱ	force, κράτος.
βιβλίον	μικρὰ βίβλος. ἔνεστι δ’ ἐν τῷ βιβλίῳ γράµματα.
βλαβερός	ὅ τι ἂν βλάπτῃ, Βλαβερόν ἐστιν.
βλάπτω	κακὸν ποιῶ.
βλαστάνω	grow, sprout.
βλαύτη	slipper. ὑπόδημα κοψόν. ἄλλο μὲν βλαύτη, ἄλλο δὲ κόθορνος.
βλέπω	see, ὁρῶ, θεῶμαι.
βληχή	τὰ πρόβατα βληχᾶται οὗτως· βῆ βῆ· καὶ αὕτη δὲ βληχή
βοηθῶ	βοήθειαν δίδωµι, ἁμύνω τινί.
βοΐδιον	βοῦς μικρός.
Βοιωτίᾱ	γῇ ἐστιν ὅμορος τῇ Ἀττικῃ. ἐν µέσῳ δὲ τούτων Κιθαιρὼν ὄρος.
βόλος	τὸ βαλλόμενον. βόλος ἰχθύων, ὅταν βάλλωσι τὰ δίκτυα οἱ ἁλιῆς.
βόμβος	φθόγγος μελιττῶν, αἵπερ βομβοῦσιν.
βομβῶ	βόμβον ποιούµενοι βομβοῦσιν αἵ τε μέλιτται καὶ οἱ σφῆκες.
βόρειος	μετὰ βορέου ἀνέμου.
βόσκηµα	βοῦς ἢ αἲξ ἢ πρόβατον· ἅπερ βόσκεται ὑπ’ ἀνθρώπων, ταῦτα βοσκήματα.
βόσκω	βόσκει τις τὰ ζῴα νέµων, καὶ τροφὴν διδοὺς ἐν νοµῷ. τὰ δὲ βόσκεται.
βοτάνη	πόα.
βουκόλος	φυλάττει τοὺς βοῦς, βούκολεῖ τοὺς βοῦς.
βουκολῶ	βουκολεῖ ὁ βουκόλος φύλαξ ὢν τῶν βοῶν.
βουλευτήριον	οἴκημα τῆς βουλῆς.
βουλή	advice, counsel. βουλεύει δ’ ὁ βουλευτὴς βουλὰς διδούς.
βοῦς	ox, cow.
βοῶ	βοὴν ποιοῦμαι.
βραχέως	ὀλίγοις λόγοις, οὐ πολλὰ λέγων.
βραχίων	τὸν βραχίονα λέγοις ἂν τὸ ἀπὸ τοῦ ὤμου μέχρι τῆς χειρός.
βραχύς	οὐ µακρός, ἐλαχύς.
βρέφος	παιδίον νεογέννητον βρέφος λέγοις ἄν.
βρέχω	ὑγρὸν ποιῶ. ἐάν τινα καταλάβῃ ὑετός, μετ’ ὀλίγον βεβρεγµένος ἐστίν.
βροντή	thunder. βροντᾷ ἡ βροντή.
βροντῶ	βροντᾷ ὁ Ζεὺς βροντὴν ποιούµενος ἐν ταῖς νεφελαῖς μετὰ ψόφου.
βρόχος	κύκλος σχοινίου ᾧπερ αἱρεῖται ἡ κεφαλὴ ἢ ὁ τράχηλος.
βρύχιος	ψόφον ποιούµεγος µέγαν, ὥσπερ βροντήν.
βύβλινος	τῆς παπύρου.
Βυζάντιον	ἐπὶ Βοσπόρου ἐστὶ πόλις, οὗ καὶ ὕστερον Κωνσταντίνου πόλις ἐκτίσθη.
βυθός, ὁ	τὸ βάθος.
βύω	εἰσωθῶ τι εἰς ὀπήν, ὥστε κλῄειν αὐτήν.
βωμός	altar. οὐκ ἦν ἐν τῷ νεῷ ὁ βωμός, ἀλλ’ ἔξω ὑπὸ Διός.
γαλαθηνός	πίνων ἔτι γάλα.
γαλήνη	ἡσυχία τῆς θαλάττης.
Γαμηλιών	January.
γάµος	γίγνεται, ὅταν τις ἀνὴρ γυναῖκα λάβῃ· καὶ ὁ μὲν γαμεῖ, ἡ δὲ γαμεῖται, τοὺς δὲ γάμους λέγοιεν ἂν τὴν ἑορτὴν τοῦ γάμου.
γάρ	for
γαστήρ	εἰς τὴν γαστέρα καθίεµεν τὰ σιτία ἐσθίοντες.
γαστρίµαργας	δοῦλος τῆς γαστρός.
γαυλός	milk-pail
γεγώς	γεγονώς, πεφυκώς, ὤν.
γείτων	οἱ γείτονες πλησίον οἰκοῦσι κακὸς δὲ γείτων μέγα κακόν.
γελοῖος	διὰ τὰ γελοῖα γελῶ.
γελῶ	laugh. γελᾷ ὁ γελαστὴς γέλασμα. ποιεῖ δὲ γελᾶν ὁ γελωτοποιός. τὸ δὲ γελᾶν, γέλως.
γελωτοποιός	ὁ ποιῶν ἄλλους γελᾶν.
γένειον	τὸ ὑπὸ τοῦ στόματος· ἐπὶ δὲ τοῦ γενείου ἔπεστιν ὁ πώγων.
γενναῖος	εὐγενής, ἄριστος, οὐκ ἀγέννής.
γένος	kind. πολλὰ γένη ἐστὶ τῶν νεῶν.
γένυς	ἐν τῷ γένυι πεπηγμένοι εἰσὶν οἱ ὀδόντες· τὸ δὲ στόµα ἔνδον δύο ἔχει γένυε.
γεραιός	οὐ νέος.
γεραίτερος	μᾶλλον γεραιός πλείω ἔτη γεγονώς.
γέρων	ἀνὴρ πολλὰ ἔτη γεγονώς· γέροντα δ’ ἂν ὀρθῶς λέγοις οὐ κατ’ ἔτη, ἀλλὰ κατ’ ἤθη (γεραίτερος, γεραίτατος.)
γεωργός	farmer, γεωργεῖ δ’ ἐν ἀγροῖς· ἐργάζεται τὴν γην.
γῆ	land, soil, earth.
γῆρας	ἡλικία γερόντων.
Γίγας	τέρας ἐστί, τὸ µέγεθος οὐ κατ’ ἄνθρωπον· οἱ δὲ Γίγαντες πόλεμον καταστήσαντες τοῖς θεοῖς ἐνικήθησαν.
γιγνώσκω	κρίνω.
γλαῦξ	owl. τὴν γλαῦκα δὲ λέγοις ἂν ὀρθῶς λέγων Ἀθηνᾶς ὄρνιθα.
γλεῦκος	ὀπὸς βοτρύων.
γλυκύς	ἡδύς
γλῶττα	tongue. τῇ γλώττῃ λέγομεν.
γνώµη	διάνοια· τὸ ἐν τῷ νῷ· τὸ γιγνωσκόµενον.
γνωρίζω	γιγνώσκω ἰδών. γνώριμος δὲ ὁ γνωριόµενος.
γνώρισμα	σημεῖον ὥστε γνωρίζειν.
γνωστέον	δεῖ γιγνώσκειν.
γόμος	ὅ τι ἂν ᾖ ἐν νηῒ φορτικῇ, γόμος ἐστί· σῖτος ἢ οἶνος ἢ ἄλλα ἐμπόρια.
γόμφος	πάτταλος· ἧλος· τούτοις συζεύγνυµεν ἄττα, θείνοντες ῥαιστῆρι.
γόνυ	ἁφὴ τοῦ σκέλους, ἡ μεταξὺ μηροῦ καὶ κνήµης.
γοῦν	at least
γρῖφος	ἐν συµποσίῳ οἱ συµπίνοντες ᾔκασαν ἀλλήλους, λέγοντες ὅ τι ὁ δεῖνα ὅμοιός ἐστι τῷ τοιούτῳ· οὕτω γὰρ καὶ ἔπαιζον καὶ ἐπῄνουν ἀλλήλους· οὗτος δή ’στι γρῖφος. ἦν δὲ καὶ αἴνιγμα ὁ γρῖφος.
γρῦ	οἱ χοῖροι κοΐζουσι γρῦ γρῦ, οὐκ εὔφωνοι ὄντες δή.
γρύζω	λέγω γρῦ· οὐδὲ γρύξειν ἔξεστιν· οὐ λέγειν ἔξεστιν οὐδέν· οὐ λέγω οὐδὲ γρῦ.
γρυλλίζω	οἱ σύες γρυλλίζουσι· κοΐζουσι γρῦ γρῦ.
γρύψ	griffin
γύης	plowtail
γυμνάσιον	ἐν γυμνασίῳ γυμνάζονται, ἄλλως τε καὶ παλαίοντες καὶ ἀκοντίζοντες καὶ τρέχοντες.
γυμνῶ	γυμνὸν ποιῶ. ἐάν τις περιαιρῆται τὰς ἐσθῆτας, γυμνοῖ ἑαυτόν. γυμνοῦται δ’ ἡ γῆ τοῦ χειμῶνος.
γύψον	chalk
δαίς	ἑστίασιν ἢ μέγα δεῖπνον λέγοις ἂν τὴν δαῖτα.
δάκνω	δάκοις ἂν τοῖς ὁδοῦσιν.
δακρύω	δάκρυα καταβάλλω ἀπ’ ὀφθαλμῶν. κλαίω μετὰ δακρύων.
δάκτυλος	finger. ἡ χεὶρ ἔχει πέντε δακτύλους, ὁ δὲ ποὺς πέντε.
δανείζω	κίχρηµι ἀργύριον ὥστε λαβεῖν πάλιν μετὰ τόκου· ὁ δὲ λαβὼν δανείζεται.
Δᾱρειός	τῶν Περσῶν ἢ Μήδων βασιλεύς.
δᾷς	ξύλον καιόµενον, λαμπάς. φῶς διδόασεν αἱ δᾷδες.
δασύς	λάσιος, πολλὰς τρίχας ἔχων.
δεῖ	needs, wants. δεῖ µοι τούτου, ὃ μὴ ἔχω ἀλλ’ ἔχειν ἐθέλω.
δειλός	φαῦλος· τὸ ἐναντίον τοῦ ἀνδρείου, ὥσπερ καὶ ἡ δειλία τῆς ἀνδρείας.
δειµαίνω	δέος ἔχω
δεῖπνον	dinner, supper
δειπνῶ	δεῖπνον ἐσθίω, ὅρα τὸ δεῖπνον.
δείσᾱς	φοβηθείς, τρέσας, ὀρρωδῶν.
δεκάδραχµον	νόµισµα δέκα δραχμῶν.
δεκάς	ἀριθμὸς τῶν δέκα ἡ δεκάς.
δεκάτη	μοῖρα δεκάτη τῆς προσόδου· µία μοῖρα τῶν δέκα μοιρῶν.
δέλεαρ	οἱ ἁλιῆς ἁλιεύσοντες, κρέας ἐπὶ τοῦ ἀγκίστρου ἐπιτιθέασι· δέλεαρ τοῦτο.
Δελφοί	πόλις τῆς Φωκίδος, πλησίον οὖσα τῷ Παρνασῷ, ἐν ᾗπερ ἦν ἱερὸν καὶ µαντεῖον Ἀπόλλωνος.
δένδρον	tree
δεξιός	clever, dextrous. δεξιὰ χείρ, right hand, αἱ χεῖρές εἰσιν ἡ μὲν δεξιά, ἡ δ’ ἀριστερά.
δέοµαι	ἱκετεύω
δέος	προσδοκῶντες κίνδυνον ἐν δέει ἐσμέν.
δέπαστρον	ποτήριον.
δέραια	ὁ περὶ τῆς δέρης κόσμος.
δέρη	τράχηλος, αὐχήν.
δέρµα	δορά· τὸ ἔξω τοῦ σώµατος· ἐν τῷ δέρµατι συνέχεται ὀστᾶ τε καὶ σάρξ.
δεσµεύω	δέω δεσμοῖς
δεσμός	bond, tie
δεσπότης	κύριος τῆς οἰκίας, ἢ τῶν δούλων
δεῦρο	πρὸς τοῦτον τὸν τόπον, ἐνταυθοῖ
δεῦτε	δεῦρο ἴτε
δεύτερός	ἐστιν ὁ μετὰ τὸν πρῶτον
δέχομαι	λαμβάνω ἑκών, ἀσπάζομαι.
δέω	bind
δέοµαι	ask, want.
δή	emphasizes
καὶ δή	(1) now suppose; (2) there you are then
δῆγμα	δάκνοντός τινος δῆγμα γίγνεται· τὸ δάκνειν.
δῆλος	plain, ἤ φανερός, σαφής. εὖ ὁρῶμεν τὰ δῆλα ὄντα, κακῶς δὲ τὰ μὴ δῆλα, οὐδαμῶς δὲ τὰ ἄδηλα.
δήμαρχος	ἄρχει τοῦ δήµου.
δηµεύω	ἡ πόλις βίᾳ λαβοῦσα τὰ τῶν προδοτῶν, δηµεύει. δήµευσις δ’ αὑτηΐ.
δηµηγόρος	ὁ λέγων παρὰ τῷ δήμῳ καὶ ἐρεθίζων τοὺς φαύλους.
δημιουργός	τέκτονές τε καὶ οἱ ἄλλοι τεχνῖται, καὶ κοροπλάθοι καὶ λιθοτόµοι.
δημιουργῶ	ἐργάζομαι δημιουργὸς ὤν.
δημοκρατία	ἐστὶν ὅπου ἂν κρατῇ ὁ δῆμος καὶ οἱ πολλοὶ τῶν πολιτῶν, ἀλλὰ μὴ οἱ ὀλίγοι μηδὲ βασιλεὺς μηδὲ τύραννος.
δῆμος	(1) people; (2) deme, district, or parish.
δηµόσιος	τοῦ δήµου.
δηµότης	ὁ ἐν δήµῳ, ὥσπερ πολίτης ὁ ἐν πόλει.
δημοτικός	τοῦ δήμου· τὸ κατὰ τὸν δῆμον ἕκαστόν ἐστι δηµοτικόν.
δήπου	no doubt, I suppose
διά τι	on account of
διά τινος	by means of, through (a place). διὰ χρόνου, after a time; διὰ τάχους, quickly; δι’ ὀργῆς, in anger.
διάγω	τὸν βίον διάγω, ζῶ.
διαδόχος	ἕτερος μεθ’ ἕτερον ἔχων τι, διαδόχος ὢν διαδέχεται.
διαδροµή	εἰσβολὴ εἰς τὴν γῆν καὶ δρόµος διὰ τῆς γῆς.
διαθέω	οἱ τρέχοντες ἐν ἁμίλλῃ διαθέουσιν
διάκειµαι εὖ	εὖ ἔχω.
διᾱκονῶ	ὑπηρετῶ, ὥσπερ οἰκέτης ποιῶ τὰ δέοντα, διακονεῖ δ’ ὁ διάκονος.
διαλάµπω	φαίνοµαι.
διαλλάττω	φίλους ποιῶ.
διαλογίζοµαι	περισκοπῶ, ἐν φροντίδι εἰμί.
διαλύω	διαλλάττω
διαμασῶμαι	διαμασᾶταί τις δάκνων τι πολλάκις τοῖς ὀδοῦσιν ἀλλὰ μὴ καταφαγών, ἐξελὼν δὲ πάλιν ἐκ στόματος. οὕτω μαλθακὸν γίγνεται τοῦθ’ ὅπερ τις διαμασᾶται.
διανέµω	διαδίδωµι τὰ µέρη, ἓν ἑκάστῳ.
διαρπάζω	διαρπάζουσί τινες βίᾳ διανέµοντες καὶ διαιροῦντες.
διαρραγείης	ἀπόλοιο κάκιστα διαρραγείς, τῆς γαστρὸς διαρρηγνυµένης.
διατελῶ	ἀεί πως διάκειµαι, ἀεὶ ποιῶ, διατελεῖ γὰρ δακρύων ὁ αἰεὶ δακρύων.
διατρέχω	διατρέχουσιν ἅμιλλαν καὶ ἀγῶνα ποιούµενοι, κατ’ ἔριν, ἕκαστος ἵνα νικᾷ.
διατρίβω	χρόνον διατρίβω,
διαφέρω	ταῦτ’ ἂν διαφέροι, ἃ μὴ ταὐτά ’στιν.
διαφθείρω	διόλλυµι, ἀφανίζω.
διαφυή	division
διδακτός	ὅ τι ἂν δυνώµεθα διδάσκειν, τοῦτο διδακτόν. καὶ ὃν ἂν διδάξῃς, οὗτος διδακτός.
διδασκαλεῖον	ἐν ᾧ διδάσκει ὁ διδάσκαλος
διδάσκαλος	μὲν διδάσκει, µανθάνουσι δ’ οἱ µαθηταί.
διδάσκει	μὲν ὁ διδάσκαλος, μανθάνουσι δ’ οἱ µαθηταί, καὶ δὴ καὶ διδάσκει δρᾶμα ὁ ποιήσας, μανθάνουσι δ’ οἱ ὑποκριταὶ καὶ ὁ χορός.
δίδραχµον	νόμισμα δυοῖν δραχμαῖν.
διέδρᾱ	διέδραμε. τὸ δὲ ῥῆμ’ ἐστὶ διαδιδράσκω.
διέξειµι	λέγω ἕκαστα.
διηγοῦμαι	διέξειµι, µυθολογοῦμαι,
δίκαιος	just, οὐκ ἄδικος.
δικαιοσύνη	τὸ δίκαιον· ἡ δικαίου ἀνδρὸς ἀρετή.
δικαστής	ὁ δίκην δικάζων· οἱ δὲ δικαζόμενοι ὁ μὲν διώκει, ὁ δὲ φεύγει. εἶτ’ ἀκούσας δὲ τὰ λεγόμενα, ὁ δικαστὴς γιγνώσκει, τοῦ ἀδικοῦντος καταγνούς.
δίκελλα	pitchfork, ὄργανον ἔχουσα κάµακα καὶ δύο ὄδοντας.
δίκτυον	net
δινῶ	δινεῖ τις περιάγων κύκλῳ· οὗτος δ’ ἂν εἴη δῖνος.
διοίγω	ἀνοίγω διασχίσας μέσον.
Διονῡσιακός	τοῦ Διονύσου, ὅστις ἦν θεὸς ὁ τὸν οἶνον εὑρών.
διότι	because
διπλοῦς	δὶς τοσοῦτος.
δίσκος	κύκλος χαλκοῦς ὃν ῥίπτουσιν οἱ ἀγωνιζόμενοι.
δίφθέρα	χλαῖνα δερµατίνη ἀγροίκου.
δίφρος	chair, ἕδρα, θρόνος. καθίζομεν καὶ ἐφ’ ἕδρας καὶ ἐπὶ δίφρου. ἔστι δὲ καὶ ἅμαξά τις ἣν ἕλκουσι δύο ἵπποι ἢ τέτταρες.
διχάδε	ὁ ἐν µέσῳ ἐσχισμένος διχάδε διοίγεται.
δίχηλος	χηλὴν ἔχων διπλῆν, ὥσπερ βοῦς καὶ σῦς.
δίψα, δίψος	ὅρα τὸ διψῶ
διψῶ	ἐάν τις ἐθέλῃ μὲν πίνειν, δύνηται δὲ µή, οὗτος διψῇ· τὸ δὲ διψῆν, ἡ δίψα.
διώβολαν	ἔχει δύο ὀβολούς.
διώκω	τὸν φεύγοντα.
δόλιος	crafty, κλεπτικός.
δόλος	trick
δόναξ	κάλαµος· φύονται δ’ οἱ δόνακες παρὰ τοὺς ποταμούς.
δορά	δέρµα.
δορκάς	εἶδος τε ἐλάφων.
δόρυ	κάµαξ ἄκοντος· ξύλον· καὶ παρ’ Αἰσχύλῳ ναῦς.
δουλῶ	δοῦλον ποιῶ· ἐναντίον δ’ ἐστὶ τοῦ ἐλευθεροῦν.
δράκων	ὄφις, ἑρπετόν ἐστι μακρὸν ἄνευ σκελῶν· δάκνει δὲ καὶ ἀποκτείνει τῷ ἰῴ.
δρᾶμα	γίγνεται ἐν τῷ θεάτρῳ· ποιοῦσι δὲ δράµατα οἱ κωμῳδοὶ καὶ οἱ τραγῳδοί. ὁ μὲν ποιητὴς διδάσκει τὸ δρᾶμα, οἱ δ’ ὑποκριταὶ ὑποκρίνονται.
δραχμή	drachma. νόµισµά 'στιν ἀργυροῦν ἡ δραχμή, ἑκατοστὸν µόριον οὖσα τῆς μνᾶς.
δρεπάνη	δρέπανον.
δρέπανον	μάχαιρα καμπύλη μετὰ λαβῆς, ᾧ τέμνουσι τὸν σῖτον, θερίζοντες καὶ ἀμῶντες.
δρέπω	pluck, cut.
δρόμος	τὸ τρέχειν· καὶ τόπος ἐν ᾧ τρέχουσιν.
δρῡμοί	thickets, brushwood. δρυμοί εἰσι τὰ ταπεινὰ τῶν δένδρων.
δρῦς	oak. ἡ δὲ βαλάνους φύει.
δύναμαι	οἷός τ’ εἰμί.
δυνατός	able, οἷός τε.
δύσις	setting
δύσκολος	ἐναντίος οὗτος τῷ εὐκόλῳ.
δυστυχίᾱ	κακὴ τύχη
δῶμα	οἰκία
δωμάτιον	room, οἰκίσκος.
δωρεά	δῶρον
δῶρον	gift, τὸ διδόµενον. δίδοµεν δῶρα.
ἐάν	τὸ εἰ μετὰ τοῦ ἄν.
ἔαρ	μέρος τοῦ ἐνιαντοῦ τὸ μετὰ χειμῶνα, ἦρός τοι βλαστάνει τὰ δένδρα.
ἐγγύς	near, πέλας, οὐ πόρρω.
ἐγκαλύπτομαι	τὴν κεφαλὴν καλύπτοµαι.
ἐγκαλῶ	κατηγορῶ
ἐγκάπτω	ἀνοίξας τὸ στόµα καταλαµβάνω, καταλαβὼν δὲ κλῄω τὸ στόµα εὐθύς.
ἐγκάρσιος	across
ἐγκοιμῶμαι	ἐγκαθεύδω· καθεύδω ἐν ἱερῷ.
ἐγρηγορώς	ἐξηγερμένος ὕπνον· ἀγρυπνῶν. τὸ δὲ ῥῆμα, ἐγείρω ἐγερῷ ἤγειρα.
ἐγχέω	χέω οἶνον εἰς ποτήριον ἐκ κρατῆρος.
ἐγχώριος	ὁ ἐν τῇ χώρᾳ.
ἔδαφος	ἡ κοίλη ναῦς· ἐστι τὸ τῆς νεὼς ἔδαφος· τὸ κάτωθεν καὶ ἐντός.
ἕδος	ἕδρα, ἱερόν· ἄγαλμα.
ἕδρᾱ	seat. καθίζοµεν ἐφ’ ἕδρας.
ἐδώδιμος	ὅσα ἐσθίειν πάρεστιν, ἐδώδιμα.
ἔθειρα	τρίχες ἵππων αἱ ἐπ’ αὐχένος.
εἰ	if.
εἰ µή	except, unless.
εἶδον	ἔβλεψα, ἐθεασάμην.
εἶδος	ὄψις, γένος.
εἶέν	well, very well then.
εἰκάζω	χρώµενος τεκµηρίοις καὶ σηµείοις νοµίζω.
εἰκών	μορφὴ ὁμοία ἢ ζῳγραφία.
εἰρηναῖος	εἰρήνην μὲν φιλεῖ ὁ τοιοῦτος, µάχην δὲ μισεῖ.
εἰρήνη	peace
εἰρωνείᾱ	ἀπάτη ἢ σχήματος ἢ λόγων ἢ ἔργων· τὸ κρύπτειν τὰ ἀληθῆ προφασιζόµενον τὰ μὴ ὄντα.
εἴς τι	to, into
εἶτα	then, next, ἔπειτα.
ἔκ τινος	(ἐξ before vowels), out of.
ἕκαστος	each.
ἕκαστα	πάντα, ἅπαντα.
ἔκᾱτι	ἕνεκα, χάριν.
ἔκγονος	τέκνον
ἐκδέρω	περιαιρῶ τὸ δέρµα
ἐκκλησίᾱ	ἐν τῇ ἐκκλησίᾳ ἐκκλησιάζουσιν οἱ πολῖται, ὅταν δέῃ τι ποιεῖν δηµοσίᾳ.
ἔκκριτος	ἐκλεχθείς. οὓς ἂν αἱροῖτό τις, οὗτοι ἔκκριτοι
ἐκκρούω	ἐκβάλλω πληγῇ.
ἐκλακτίζω	ἵππος ἐκλακτίζει τοῖς ὀπισθίοις ποσὶ βάλλων καὶ λακτίζων.
Ἐκμανθάνω	εὖ µανθάνω ὥστε λέγειν δύνασθαι ἄνευ τῶν γραμμάτων.
ἐκούσιος	willing, οὐκ ἀκούσιος.
ἐκπηδῶ	leap, ἅλλομαι. ἐκπηδᾷ δὲ τὸ νεόττιον ἐκ τοῦ ᾠοῦ.
ἐκπίπτω	πίπτω ἔκ τινος τόπου, πίπτω ποθέν, ἐκβάλλομαι.
ἐκπράττω	exact. ἐκπράττει τά τ’ ἄλλα καὶ τοὺς φόρους ὁ κύριος, ἢ ὃς ἂν δίκαιος ᾖ τοῦτο ποιεῖν.
ἐκπρίω	ἐκτέμνω πρίονι.
ἐκταράττω	φοβῶ, σφόδρα ταράττω.
ἑκτεύς	ἕκτον µέρος τοῦ µεδίμνου.
ἐλαίᾱ	olive. καὶ δένδρον καὶ καρπός ἐστιν ἐλαία, ἐκ δὲ τοῦ καρποῦ γίγνεται ἔλαιον.
ἔλαιον	olive oil. τῶν ἐλαιῶν πιεζομένων ἕλαιον ἐκρεῖ.
ἐλάτη	pine
ἐλατήρ	ἐστιν ὃς ἂν ἐλάσῃ.
ἐλαύνω	ἵππους ἐλαύνομεν καὶ βοῦς καὶ ἁμάξας καὶ πλοῖα· καὶ δὴ καὶ ὄγμον καὶ αἱμασίαν.
ἐλάφειος	τοῦ ἐλάφου. τὰ δ’ ἐλάφειά ἐστι τὰ κρέα.
ἔλαφος	ἄγριον ζῷον κέρατα ἔχον, ὅπερ καὶ τρέχει εὖ οἱ δὲ κυνηγέται θηρῶσι τά τ’ ἄλλα ζῷα καὶ τοὺς ἐλάφους.
ἐλαφρός	οὐ βαρύς.
ἐλεεινός	οἰκτρός
ἐλεός	kitchen table, dresser
ἐλεύθερος	ἐναντίον τῷ δούλῳ.
ἐλέφας	ἆρ’ οὐκ οἴσθα ὅ τι εἰσὶν οἳ ἐλέφαντες; φεῦ τῆς ἀμαθίας.
ἐλεῶ	οἰκτίρω, δι’ οἴκτου εἰμί.
ἕλκω	pull.
Ἑλληνικός	Greek, Ἕλλην.
ἕλος	ὕδωρ ἐπὶ γῆς κείµενον. ἐὰν μὲν βαθὺ ᾖ, λίμνη ἐστίν, εἰ δὲ µή, ἕλος.
ἐλπίς	προσδοκία. ἐλπίζομεν καὶ κακὰ καὶ καλά, µάλιστα δὲ καλά, ὥστε κἂν λέγοις καλὴν τὴν ἐλπίδα.
ἔλῡμα	plowstock
ἐμβάλλω	ποταμὸς ἐμβάλλει ἢ ἐκβάλλει εἰς τὴν θάλατταν.
ἐμβολή	ἔφοδος· ὅταν ἐμβάλληται ναῦς νηΐ.
ἔμβολον	τὸ ἔμπροσθε τῆς νεώς, ὅπερ ἐμβάλλεται ἄλλῃ νηῒ ἐν ναυμαχίᾳ.
ἐμμένω	ἀγαπῶ, ποιῶ ἃ ὡμολόγηται, κατὰ τὰ ὁμολογούμενα.
ἔμπαλιν	backwards
ἐμπλέω	πλέω ἐν νηΐ.
ἐμποδίζω	hinder, entangle.
ἐμποδών	ἐν ὁδῷ· παρὰ ποσίν. τὸ ἐμποδὼν ἐμποδίζει καὶ κωλύει μὴ ποιεῖν ἃ ἂν ἐθέλωμεν. τὸ δ’ ἐναντίον, ἐκποδών.
ἐμποιῶ	ἐμβάλλω. ὅταν λύπην ἐμποιῶμεν, ποιοῦμέν τινα λυπεῖσθαι καὶ λυποῦμεν αὐτόν.
ἐμπορίᾱ	ἡ ἐμπόρων τέχνη.
ἔμπορος	πλεῖ κατὰ θάλατταν καὶ κατὰ γῆν, ὥστε ἀγοράζειν τε καὶ πωλεῖν.
ἔμπροσθε(ν)	in front
ἐμπρόσθιος	ὁ ἔμπροσθεν
ἐμφανής	φανερός
ἐμφύσημα	πνεῦμα. καὶ γὰρ φυσᾷ τὸ πνεῦμα.
ἔμψῡχος	ἔχων ψυχήν, ζῶν.
ἔν τινι	in (something)
ἔναγχος	νεωστί.
ἐναντίος	opposite
ἐνδάκνω	λαμβάνων ἔχω τοῖς ὀδοῦσιν. οἱ δ’ ἵπποι ἐνδάκοιεν ἂν τὸν χαλινόν.
ἐνδεδῡμένος	ἡμφιεσμένος.
ἐνδεής	ἄνευ τινός· οἱ δ’ ἐνδεεῖς δέονταί τινος.
ἔνδοθεν	ἔνδον.
ἔνδον	ἐντός, ἔν τινι οἰκίᾳ.
ἐνδύομαι	ἀμφιέννυμαι
ἐνδύω	ἀμφιέννυμι.
ἕνεκά τινος	on account of, ἕκατι, χάριν.
ἐνεργός	ἐν ἔργῳ ὤν· οὐκ ἀργός.
ἐνέχω	ἔχω ἐν ἐμαυτῷ.
ἑνθῡμοῦμαι	ἐν θυμῷ ἔχω, νομίζω.
ἔνιοι	some, ἄλλοι, εἰσὶν οἵ. οἱ μὲν...οἱ δέ.
ἐνίοτε	sometimes, ἄλλοτε, ἔστιν ὅτε.
ἐνοχλῶ	πράγματα παρέχω.
ἐντείνω	stretch. τὸ ἐναντίον τοῦ χαλᾶν.
ἐν τοῖς μάλιστα	μᾶλλον τῶν πλειόνων· εἴ τις καὶ ἄλλος.
ἐντός	inside, ἐντὸς τῆς οἰκίας οἰκοῦμεν.
ἐνύπνιον	ὁρῶμεν ἐνύπνια ἐν ὕπνῳ καθεύδοντες.
ἐνυφαντός	ὅ τι ἂν ὑφαίνωμεν ἐν τῷ πέπλῳ, τοῦτ’ ἐνυφαντόν.
ἐξαρτῶ	ἐξάπτω.
ἐξᾴττω	ἐξορμᾶσθαι αἰφνιδίως.
ἐξεγείρω	ψόφος ἂν ἡ πληγὴ ἐξεγείροι ἂν καθεύδοντα· ὁ δ’ εὐθὺς ἐξεγείρεται.
ἐξέθανον	θάνατος κατέλαβεν αὐτούς.
ἐξελαθόμην	λήθη μ’ εἶχεν, οὐκ ἐμνήσθην.
ἐξερευνῶ	ζητῶ
ἔξεστι	licet. it is allowed.
ἑξήκοντα	ἑξάκις δέκα.
ἐξῃξάτην	ἐξηλθέτην ἐξαίφνης.
ἑξίημι	ἐκπέμπω.
ἔξω	outside, ἔξω τῆς πόλεώς εἶσιν οἱ ἀγροί.
ἐξωμίς	ἐσθής τις· χιτὼν χειρίδας οὐκ ἔχων, γυμνῶν ὄντων τῶν βραχιόνων,
ἔοικα	ὁμοῖός εἰμι.
ἑορτή	feast. ἄγομεν ἑορτάς.
ἐπᾴδω	ἐπῳδάς, μάγος ὢν. καὶ γόης, γοητεύω.
ἐπαινῶ	praise. τὸ δ’ ἐπαινεῖν, ἔπαινος· ἐπαινοῦσι μὲν τὰ καλά, µέμφονται δὲ τὰ κακά.
ἐπάναγκες	ἀναγκαίως, κατ’ ἀνάγκην.
ἐπαναλαμβάνω	αὖθις λέγω.
ἐπανέρχομαι	πάλιν ἔρχομαι.
ἐπαρκῶ	πορίζω, κοµίζω.
ἐπειδή	when, since.
ἔπειτα	then, next, εἶτα,
ἐπεκχωρῶ	ὑποχωρῶ.
ἐπέχω	παύω· παυσάµενος ὀλίγον, εἶτα ἄρχομαι αὖθις.
ἐπί τι	towards, upon, against. τὸ ἐπ’ ἐμέ, as far as concerns me, ἔμουγ’ ἕκατι.
ἐπί τινος	upon, towards, in the time of. ἐπὶ τεττάρων, four deep ; ἐπ’ ἐμοῦ· ζῶντος ἐμοῦ.
ἐπί τινι	at, for a purpose, ἐπ’ ἐμοί, in my power; ἐπὶ τούτῳ, on this condition.
ἐπιβάτης	ὁ συµπλέων μέν, ναύτης δὲ μὴ ὤν
ἐπιβιβάζω	ἐντίθημι ἐν πλοίῷ.
ἐπιγίγνομαι	ἕπομαι, ἀκολουθῶ. ἡ νὺξ γὰρ ἐπιγίγνεται τῇ ἡμέρᾳ.
Ἐπίδαυρος	πόλις ἐστὶ τῆς Πελοποννήσου, ἐν ᾗ τέμενος κλεινότατον τοῦ Ἀσκληπιοῦ. ἔκεισε φοιτῶσιν οἱ νοσῶντες, ἵνα ὑγιεῖς γένωνται.
ἐπιδημῶ	ἐν τῇ πόλει εἰμί, οὐκ ἀποδημῶ. τὸ δ’ ἐπιδημεῖν, ἐπιδημία.
ἐπιδρομή	δρόμος.
ἐπιεικής	χρηστοὶ οἱ ἐπιεικεῖς.
ἐπίκειμαι	ἐπέρχομαι ὡς πολέµιος· κεῖμαι ἐπί τινος.
ἐπικύπτω	κάµπτω τὸ σῶμα πρὸς τοὔμπροσθεν.
ἐπιλαμβάνομαι	interrupt, λέγω ἄλλου λέγοντος.
ἐπιλέγομαι	ἐξαιροῦμαι· ἐκκρίνω.
ἐπιλέπω	περιαιρῶ τὸν φλοιόν.
ἐπιλήνιος	ὃς πρέπει τῇ ληνῷ.
ἐπιλήσμων	δεινὸς λανθάνεσθαι· ῥᾳδίως λήθην ἔχων.
ἐπίλογος	µῦθος.
ἐπιμελής	πρόθυμος· οὐ ῥᾴθυμος, οὐκ ἀμελής, μετὰ ἐπιμελείας.
ἐπιμελοῦμαι	προθυμοῦμαι. πάντα ποιῶ ὅπως τι γενήσεται.
ἐπινέψελος	ἐὰν νεφελαὶ φαίνωνται ἐν οὐρανῷ.
ἐπινίκια	τὰ ἐπινίκια ἱερά, τὰ ἀντὶ τῆς νίκης σφαχθέντα.
ἐπιπάττω	ἐπαλείφω. ἐπιπάττοµεν ἐπ’ ὠτειλῆς φάρµακα, ἅπερ ὀνομάζεται παστὰ ἢ ἐπίπαστα.
ἐπιπολῆς	ἐπ’ ἄκρας τῆς γῆς.
ἐπιπταίρω	sneeze. καλὸς ὄρνις τὸ πταίρειν.
ἐπίσημον	σημεῖον.
ἐπισκοπῶ	ὁρῶ τὰ γινόμενα. ἐπισκοπεῖ δ’ ὁ ἐπισκόπος.
ἐπίσταμαι	οἶδα.
ἐπιστήμη	science, knowledge.
ἐπισφαλής	σφαλερός· ὅπου ῥᾳδίως ἄν τις ὀλισθάνοι.
ἐπιτρέπω	δίδωµι ἄλλῳ ὥστε κρίνειν.
ἕπομαι	ἀκολουθῶ· δεύτερος ἔρχομαι ἢ μετ’ ἄλλους.
ἐπομβρίᾱ	ὄμβρος, ὑετός.
ἔπος	λόγος
ἐπῳδή	ᾄδουσιν ἐπῳδὰς οἱ μάγοι καὶ γόητες καὶ φαρμακίδες καὶ φαρμακεύτριαι, πολλάκις δὲ καὶ γραῦς τοῦτο ποιεῖ.
ἐπώζει	ὀρνίθιον ὅπερ καθίζει ἐπὶ τῶν ᾠῶν.
ἐραστὴς	ἐρᾷ.
ἐργάζομαι	ἔργα ποιῶ ἢ πράττω.
ἐργαστήριον	λέγεται καὶ μάστιγίας· δοῦλος κακός, κυρίως δ’ ἐστὶ τόπος οὗτος ἐν ᾧ ἐργάζεταί τις.
ἔργον	work; ἐργάζεται δ’ ὁ ἐργάτης.
ἐρέβινθος	parched pea
ἐρεθίζω	προσκαλῶ εἰς ἔριν καὶ ἅμιλλαν.
ἐρείπιον	ruin.
ἐρέτης	ὁ ἐρέττων χρώμενος κωπῇ.
ἐρέττω	row. οἱ ἐρέται ἐρέττουσι ταῖς κωπαῖς.
ἐρευνῶ	ζητῶ.
ἐρημίᾱ	ἐστὶν οὗ ἂν μηδεὶς ᾖ.
ἔρια	wool. τὰ ἔρια κλώθουσιν αἱ γυναῖκες.
ἐρίζω	ἁμιλλῶμαι, ἀγωνίζομαι, ἔριν ποιοῦμαι.
ἔριφος	τέκνον αἰγός.
ἐρμηνεύς	ἐστιν ὁ δηλῶν τὰ μὴ φανερά.
Ἑρμῆς κοινός	εἰώθασιν οἱ εὑρόντες τι διανέµειν κοινῇ, λέγοντες· κοινὸς Ἑρμῆς· οὗτος γὰρ δίδωσι τὰ εὑρισκόμενα· καὶ καλοῦσι τοῦτο ἕρμαιον.
ἔρρει	κακῶς διάκειται· ἀπόλωλε κακῶς.
ἔρρω	ἐπὶ κακῷ ἔρχομαι· φροῦδος γίγνομαι.
ἐρυθριῶ	ἐάν τις ἐρυθριᾷ, ἐρυθραὶ φαίνονται αἱ παρειαί.
ἐρῶ	ἐρᾷ τίς τινος ἐὰν ἔρως ἐπιπέσῃ· φιλεῖ δὲ σφόδρα καὶ ποθεῖ.
ἐρωτῶ	ask. οὐκ εἰδὼς ἀλλ’ ἐθέλων. μαθεῖν ἐρωτῶ, ἢ πυνθάνοµαι. ἐρωτῷ ἐρωτήματι. ὁ μὲν ἐρωτᾷ, ὁ δὲ ἀποκρίνεται ἐρωτῶντι.
ἐσαιεί	αἰεί
ἐσθίω	eat. ἐσθίομεν σιτία, πίνομεν δὲ οἶνον καὶ ὕδωρ· άνευ δὲ τοῦ ἐσθίειν οὔκ ἐστι βιωτόν.
ἐσπείσαμεν	σπονδὴν ἐποιησάμεθα.
ἑσπέρᾱ	μετὰ τὴν ἡμέραν, ἑσπέρα· μετὰ δὲ τὴν ἑσπέραν, νύξ· ἐν µέσῳ δ’ ἐστὶν ἑσπέρα τῆς θ’ ἡμέρας καὶ τῆς νυκτός.
ἑσπέριος	ἑσπέρας
ἔσσεται	ἔσται
ἑστίᾱ	hearth
ἑστίᾱσις	δεῖπνον μέγα
ἔστιν ὅτε	ἐνίοτε, ἄλλοτε
ἑστιῶ	ὁ μὲν ἑστιᾷ, οἱ δ’ ἑστιῶνται· δεῖπνον δ’ ἐστὶ τοῦτο μέγα.
ἔσχατος	ἔσχατά ἐστι τὰ ἄκρα καὶ τὰ τέλη.
ἕτερος	one (of two).
ἑτερόφθαλμός	ἐστιν ὁ ἕτερον μὲν ὀφθαλμὸν τυφλός, ἕτερον δὲ μὴ τυφλός.
ἑτέρωθεν	on one side, from one direction (of two).
ἐτησιὰς	ἄνεμος πνεῖ κατ’ ἔτος ὁ αὐτός.
ἔτι	νῦν ὡς καὶ πρίν· πρὸς τούτοις.
ἑτοῖμος	ready.
ἔτος	τό τ’ ἔτος καὶ ὁ ἐνιαυτὸς τὸ αὐτό.
εὐβοΐς	chestnut. κάρυον Εὐβοϊκόν.
εὔβοτος	καλὸς ὥστε βόσκειν πρόβατα καὶ τὰ τοιαῦτα.
εὐγενεία	ἀγαθὴ φύσις. οἱ δ’ εὐγενεῖς ἀμείνους τῶν φαύλων καὶ φορτικῶν ἀνδρῶν.
εὐδαιμονίζω	νομίζω εὐδαίμονα.
εὐδίᾱ	fine weather
εὐδοκιμῶ	ἐπαίνου τυγχάνω, ἐπαινοῦμαι.
εὐεργέτης	ὁ εὖ ποιῶν τινα. εὐεργέτης δὲ τοῦ δήµου οὖκ ἄλλως τις ἂν γένοιτο ἢ ψηφισαμένου τοῦ δήμου.
εὐθύνω	ἄγω, ἐλαύνω τῇ εὐθείᾳ ὁδῷ.
εὐθύς	at once
εὔκολος	good-tempered, ὁ μὴ δύσκολος.
εὐμενής	ἵλεως
εὔμηλος	ἔχων μῆλα καλά, ταῦτα δ’ ἐστὶ πρόβατα.
εὐνή	κλίνη· καθεύδοµεν ἐν εὐνῇ.
εὔπνους	ῥᾷδιος διαπνεῖν· πνεῦµα ἔχων ῥᾷδιον.
εὐπορῶ	εὔπορός εἰμί· ἅλις ἔχω τινός.
εὑρίσκω	find. καὶ ζητήσας τις εὑρίσκει καὶ μὴ ζητήσας.
εὖρος	breadth
εὐτάκτως	ἐν κόσµῳ.
εὐτυχίᾱ	τύχη ἀγαθή, ἐναντία οὖσα τῇ δυστυχίᾳ. εὐτυχεῖ ὁ εὐτυχὴς διὰ τὴν εὐτυχίαν.
εὐφεγγής	καλὸν φῶς φαίνων
εὐφημῶ	ἢ καλῶς λέγω, ἢ σιγῶ. εὐφήμει, hush.
εὐφωνίᾱ	καλὴ φωνή
εὐχή	prayer
εὔχομαι	λιτὰς ποιοῦμαι· αἰτῶ τοὺς θεούς.
εὐώδης	ὀσμὴν καλὴν παρέχων, εὖ ὅζων
εὐωχοῦμαι	δειπνῶ μετὰ χαρᾶς, εὖ ἔχω.
ἐφάπτομαι	ἅπτομαι, θιγγάνω.
ἔφασκον	ἔλεγον.
ἐφεξῆς	κατὰ κόσµον, κατὰ τάξιν, ἐν τάξει· ἄλλος μετ’ ἄλλον.
ἔφηβος	νεανίας ἐκκαίδεκα ἐτῶν μέχρι τῶν ὀκτωκαίδεκα· τότε δ’ ἐξέρχεται ἐξ ἐφήβων, ἀνὴρ ὢν ἤδη.
ἐφημέριος	μίαν ἡμέραν ζῶν.
ἑφθός	ὅ τι ἂν ἕψῃς, ἐφθόν έστιν.
ἐχέτλη	λαβὴ τοῦ ἀρότρου, ἥνπερ λαμβάνων ἔχει ὁ ἁρότης.
ἐχθαίρω	ἐχθρὸν νοµίζω, μισῶ, στυγῶ.
ἐχθρός	ἐστιν ὃς ἂν ἐχθαίρῃ· ὁ δὲ φίλος φιλεῖ.
ἔχομαι	ἀντιλαμβάνομαι, ἅπτοµαι.
ἔχω	have, κέκτηµαι· ἔστι μοι.
ἕψω	boil. ἕψω ᾠὸν καὶ κρέας ἐν ὕδωτι θερµῷ, τὸ μὲν ὕδωρ ἐγχέω εἰς λέβητα· ὁ δὲ λέβῃς κεῖται ἐν τρίποδι· ὁ δ’ αὖ τρίπους ἔστηκεν ἐπὶ πυρός· καίεται μὲν τὸ πῦρ, ζεῖ δὲ τὸ ὕδωρ, καὶ ἕψεται τὸ ᾠὸν ἤδη.
ἐῶ	ἐπιτρέπω· περιορῶ· δίδωμι ποιεῖν· οὐ κωλύω.
ἑώθινος	ἕωθεν.
ἑῴκει	ὁμοῖος ἦν.
ἐῷος	ἔωθεν, ἅμ’ ἔῳ· πρωῒ τῆς ἡμέρας.
ἕως	until
ἕως	ἐν ἄκρᾳ νυκτὶ πρῶτον μὲν ὄρθρος γίγνεται, ἔπειτα δὲ φῶς ὑποφαίνεται ἐν οὐρανῷ πρὶν ἥλιον ἀνατέλλειν· αὕτη δ’ ἕως ἐστίν.—ἅμ’ ἕῳ, ἕωθεν.
ζεῦγος	δύο πεδίλω ζεῦγός ἐστιν ἓν πεδίλων.
ζέφυρος	ἄνεμος πνεῖ ἀφ’ ἡλίου δύσεως.
ζέω	boil. ζεῖ ὕδωρ ἐν λέβητι ἐπὶ πυρὸς ὄν.
ζηλῶ	μακαρίζω, καὶ ἐθέλοιμ’ ἂν καὶ αὐτὸς τὸ αὐτὸ πάσχειν.
ζηλωτός	ἄξιος ζηλοῦσθαι.
ζητῶ	seek. ὃ ἂν ζητῶ, ἐθέλω εὑρίσκειν.
ζυγόν	yoke
ζῳραφίᾱ	ζῷα ἢ ἀλλαὶ µορφαὶ γεγραμμέναι· ζῳγραφεῖ δ’ ὁ ζῳγράφος.
ζῳγρῶ	σῴζω πολέμιον καὶ οὐκ ἀποκτείνω. ζῳγροῦσιν οἱ μὴ ἀποκτανόντες, σώσαντες δὲ τοὺς ἐν πολέμῳ.
ζώννῡμι	περιβάλλω ζώνην ἢ ζωστῆρα περὶ τοῦ μέσου.
ἦ	ἔφη. ἦ δ’ ὅς = έλεγεν, εἶπεν. ἦν = ἔφην.
ἢ γάρ	ἆρα;
ἡβῶ	χαίρω ὡς νέος ὤν, καὶ ἐν ἤβῃ τῆς ἡλικίας,
ἡγεμών	ἡγεῖται ὁ ἡγεμών· λέγοις ὃ’ ἂν τὸν ἡγεμόνα ἀρχηγόν.
ἡδέως	ἀσμένως
ἥδομαι	τέρποµαι
ἡδονή	τὸ ἐν τῷ βίῳ ἠδύ· ἔχομεν γὰρ ἡδονὴν ὅταν χαίρωμεν.
ἡδύς	ἡδὺ μὲν τὸ μέλι, ἡδὺ δέ πως καὶ τὸ γάλα. καὶ δὴ καὶ λέγοις ἂν ὀρθῶς λέγων ἡδὺν ἄνθρωπον καὶ φωνήν. ἀλλ’ ἡδίων ἄλλος ἄλλου· ἥδιστος δὲ πάντων ὁ μάλιστα ἡδύς.
ἤθροιστο	ἠθροισμένον ἦν. λέγομεν δὲ καὶ ἀθροίζειν καὶ συλλέγειν τὸ αὐτό.
ᾔκασεν	ὅρα τὸ εἰκάζω.
ἠλακάτη	distaff (tool used for spinning wool)
ἥλατο	ἐπήδησεν
ἡλικίᾱ	ὥρα βίου
ἡλίκος	οἶος, ὡς μέγας.
ἥλιος	sun. λάμπει ὁ ἥλιος καθ’ ἡμέραν.
ἡμέρᾱ	day. καθ’ ἡμέρᾱν = ἑκάστῃ ἡμέρᾳ.
ἡμερήσιος	μιᾶς ἡμέρας.
ἥμερος	tame, not wild. οὐκ ἄγριος, τὰ μὲν δένδρα τὰ ἥμερα φυτεύεται ἐν κήποις· τὰ δὲ ζῴα τὰ ἥμερα δουλεύει τοῖς ἀνθρώποις.
ἡμερῶ	ἥμερον ποιῶν τις ἡμεροῖ.
ἡμέτερος	our. εἰς ἡμετέρου = εἰς τὴν ἡμετέραν οἰκίαν.
ἡμίεκτον	ἥμισυς ἑκτεύς.
ἡμίονος	mule, ἐξ ἵππου τε καὶ ὄνου γεγονώς.
ἥμισυς	ἔστι τὸ μὲν ἥμισυ, τὸ δὲ διπλοῦν. αὐτίκα γὰρ τὸ ἓν ἥμισύ ἐστι τοῖν δυοῖν.
ἡμίτομος	τὸ ἥμισυ τοῦ τετµημένου.
ἡνίᾱ	τὰς ἡνίας χερσὶ κατέχοντες ἐλαύνομεν ἵππον.
ἡνίκα	ἐπειδή, ὅτε.
ἡνίοχας	ὁ ἔχων τὰς ἡνίας τῶν ἵππων.
ἤπειρος	ἔστιν ἡ γῆ ἡ μὲν νῆσος ἡ δ’ ἤπειρος.
ἤπιος	gentle
Ἡρακλεῖαι στῆλαι	ὁ Ἡρακλῆς πορευσάµενος πρὸς τὰ ἔσχατα τῆς γῆς, δύο στήλας ἐπέστησεν, ἑτέραν μὲν ἐν Ἱσπανίᾳ, ἑτέραν δ’ ἐν Λιβύῃ. τούτων ἐν μέσῳ μέν ἐστι στενὴ θάλαττα, ἔξω δ’ ὠκεανός. στήλη δὲ λίθος.
Ἡρακλῆς	ἥρως μέγιστος.
ἠρέμα	ἡσύχως.
ἥρως	hero, demigod.
Ἡσίοδος	ποιητὴς ἐπικός ὃς ἐποίησε τὰ Ἔργα καὶ Ἡμέρας, σχεδὸν διακόσια ἔτη μετὰ τὸν Ὅμηρον.
ἡσυχάζω	keep quiet, ἥσυχος μένω, ἡσυχίαν ἄγω,
ἥσυχος	ἠσυχίαν ἄγων ἢ ἔχων, ἡσυχάζων.
ἧττον	less
ἡττῶ	ἡττᾷ τις νικήσας, ὁ δὲ νικηθεὶς ἡττᾶται ἥττων γενόμενος.
ἠχή, ἦχος	φθόγγος, ψόφος.
θάλαττα	ἡ γῇ ἐστιν ἐν τῇ θαλάττῃ, καὶ δὴ καὶ πλοῖα πλεῖ. τὸ δ’ ὕδωρ τὸ τῆς θαλάττης ἁλμυρόν ἔστιν.
θαλαττώδης	ὥσπερ θάλαττα, ἢ μέγας ὢν ἢ ἁλμυρός.
θάλεια δαίς	δεῖπνον πλούσιον.
θαλλοφόρος	φέρων θαλλόν· ἔρια δ’ ἐστὶ ταῦτα.
θάλπος	καῦμα· θαλπόμεθα δὲ τῷ θάλπει.
θάλπω	θερμὸν ποιῶ.
θάνατος	ὅταν τις ἀποθάνῃ, θάνατος ἐπιγίγνεται.
θαρρῶ	οὐ φόβος ἐστί µοι, οὐ φοβοῦμαι, οὐ δέδοικα.
θάττων	ταχὺς μᾶλλον.
θαυμάζω	wonder. θαυμάζομεν θαύματα καὶ τέρατα καὶ δεινὰ πράγματα.
θαυμάσιος	τὰ θαυμάσια θαυμάζοµεν.
θαυμασίως ὡς	θαυμάσιόν ἐστιν ὡς...
θαυμαστός	θαυμάσιος· ἃ ἂν θαυμάζωμεν, θαυμαστά.
θέᾱμα	θέα, ὄψις, τὸ ὀρώμενον.
θέᾱτρον	theatre. ἐν τῷ θεάτρῳ θεῶνται οἱ θεαταί.
θείνω	παίω
θέλγω	ἰῶμαι δοὺς φάρμακα.
Θεμιστοκλῆς	λέγοις ἂν τὸν Θεμιστοκλέα τῶν Ἀθηναίων δεξιώτατον καὶ σοφώτατον· πρόµαντις γὰρ ἦν τοῦ μέλλοντος, καὶ ἐδίδαξε ναῦς ναυπηγεῖν, καὶ κτήσασθαι τὸ κράτος τῆς θαλάττης.
θερίζω	ὅταν ἐτοῖμος ᾖ ὁ σῖτος ἐν ἀγροῖς, τέμνει αὐτὸν ἀνύσας ὁ θεριστής· θερίζει ἢ ἀμᾷ τὸ θέρος.
θερµαίνω	θερμὸν ποιῶ.
θέρμη	θερµότης, τὸ θερµόν.
θερμός	οὐ ψυχρός. θερμοὺς ποιεῖ ἡμᾶς ὁ ἥλιος.
θέρος	ἤ ὥρα τοῦ ἐνιαυτοῦ, ἢ ὁ σῖτος.
θεῶμαι	προσβλέπω θεατὴς ὤν.
θήκη	τύμβος, τάφος. καὶ δὴ καὶ ἐν θήκῃ ἀποτίθεμεν τὰ χρήματα ὥστε σῴζειν.
θῆλυς	ἔστι τὸ μὲν ἄρρεν, τὸ δὲ θῆλυ.
θήρειος	τῶν θηρίων, θηριώδης.
θηρεύω	hunt, θηρῶ.
θηριώδης	ὥσπερ θηρίον· ἄγριος.
θηρῶ	πειρῶμαι αἱρεῖν. οἱ θηρευταὶ θηρῶσι λαγὼς καὶ πέρδικας καὶ λέοντας καὶ ἄρκτους καὶ ἄλλα ἄγρια ζῷα.
θησαυρός	treasure. θησαυρίζομεν θησαυρόν.
θλίβω	θραύω.
θόρυβος	ψόφος καὶ κίνησις.
θορυβῶ	θόρυβον ποιοῦµαι καὶ ταραχήν.
θοὐπέρθυρον	τὸ ὑπέρθυρον ὅπερ κεῖται ὑπὲρ τῆς θύρας.
θοῶς	ταχέως.
θρασέως	μετὰ θράσους.
θρασύς	ὁ ἄνευ δέους.
θραῦμα	ἁγή· θραύµατα γίγνεται θρανοµένων τινῶν ἢ ἀγνυομένων.
θραύω	break, ῥήγνυμι, ἄγνυμι
θρόνος	ἔδρα.
θρῴσκω	jump
θύελλα	χειμών.
θῡμίᾱμα	τὸ καιόµενον· πῦρ,
θύμον	thyme
θύννος	tuna
θύρᾶ	door, πύλαι. διὰ τῆς θήρας εἰσερχόμεθα εἰς τὴν οἰκίαν· αἱ δὲ πύλαι δύο εἰσὶ σανίδες.
θύω	θυσίαν ποιοῦμαι, ἱερὰ σφάξας τῷ θεῷ.
ἴᾱτρα	τὰ ἴατρα μισθός ἐστι τοῦ ἰᾶσθαι.
ἰατρὸς	ἰᾶται τοὺς νοσοῦντας
ἰδού	look
ἱδρύω	κτίζω, οἰκοδομῶ.
ἱδρὼς	γίγνεται ὅταν τὸ ὕδωρ ἐκρέῃ ἐκ παντὸς τοῦ σώματος· τότε δ’ ἱδροῖ τις.
ἱέρεια	ὁ μὲν ἱερεύς, ἡ δ’ ἱέρεια.
ἱερεῖον	ἱερὸν πρὸς τὸ σφάξαι καὶ θῦσαι
ἱεροποιὰς	ποιεῖ τὰ ἱερά· σφάζει γὰρ τὰ ἱερὰ καὶ τὰ τοιαῦτα.
ἱερός	sacred. ἱερόν, (1) victim, (2) shrine. τὰ μὲν ἱερὰ τὰ ζῶντα σφάζομµεν τοῖς θεοῖς· τὰ δ’ ἐστὶ τεμένη. ἐν γὰρ τῷ ἱερῷ τέμενός ἐστι τοῦ θεοῦ, καὶ ὁ νεὼς καὶ ὁ βωμὸς καὶ ἄλλοι οἶκοι, πάντα τὰ τοῦ θεοῦ ἱερά· τὰ δὲ τῶν ἀνθρώπων ὅσια.
ἱκανός	sufficient.
ἱκετεύω	εὔχομαι, ἱκέτης γενόμενος.
ἰκτῖνος	kite
ἱλαρός	merry.
ἵλεως	propitious
ἱμάς	thong (leather strap)
ἱμάτιον	ἐσθής τις.
ἴον	ἄνθος τι· violet or iris.
ἱππαγωγός	ἐστι ναῦς, ἐὰν ἄγῃ ἵππους.
ἱππεύω	ἐφ’ ἵππου ὀχοῦμαι ἢ στρατεύοµαι.
ἵππος	horse, mare. ὁ ἱππεὺς ἀναβαίνει μὲν ἐφ’ ἵππον, καθίζει καὶ ὀχεῖται δ’ ἐφ’ ἵππου, καὶ μάχεται ἀφ’ ἵππου.
ἰσημερίᾱ	ἐπειδὰν ἴσαι ὦσιν ἡμέρα τε καὶ νύξ.
ἰσόνομος	ἔχων νόµους ἴσους καὶ δικαίους.
ἴσος	equal. τὼ δύο ἴσω ἐστὸν τῷ δὶς ἑνί.
ἵστημι	place, weigh.
ἱστίον	πλέουσιν αἱ νῆες ἱστίοις χρώµεναι.
ἱστοβοεύς	plow-pole
ἱστός	mast, loom.
ἱστουργίᾱ	ἡ τοῦ ἱστοῦ τέχνη.
ἰσχάς	σῦκον ξηρόν.
ἰτέᾱ	willow.
ἰχθύς	τὰ ζῷα τῆς θαλάττης ἰχθύες εἰσίν.
ἴχνος	τὰ ἴχνη σημεῖά ἐστι τῶν ποδῶν.
κάθαρμα	χρῆμα κάκιστον. καθαίροντες γὰρ τὸ ἔδαφος τὰ καθάρµατα ἐκβάλλοµεν.
καθαρός	ἄνευ πηλοῦ καὶ ῥύπου· ἄλλα τ’ ἐστὶ καθαρὰ καὶ τὸ ὕδωρ.
καθέδρᾱ	ἕδρα, δίφρος.
καθέλκω	drag.
καθέρπω	go or creep down.
καθεύδω	sleep. καθεύδοντες ἐν ὕπνῳ ἐσμέν.
κάθηµαι	καθίζω.
καθίζω	establish, sit
καθικνοῦµαι	κατέρχοµαι
καθίστηµι	εἰς οἶκτον, ἐὰν ποιῶ ὥστε οἰκτίρειν.
καθοσιῶ	φέροντες δίδοµεν θεῷ τὴν θυσίαν.
καί	and, even
καὶ γάρ	the fact is; indeed
καὶ δή	(1) now suppose, (2) there then.
καὶ µάλα	certainly
καὶ μὴν...γε	and besides
καίπερ	although
καιρός	proper time.
καίω	burn. ὅ τε ἥλιος καίει καὶ τὸ πῦρ.
κακαδαίµων	οὐκ εὐδαίμων· δυστυχής, χρώµενος κακοδαιμονίᾳ.
κάλαµος	reed, pen.
καλαῦροψ	βακτηρία ἢ ξύλον τῶν βουκόλων.
καλῑά	οἰκοδομεῖ καλιὰς τὰ ὀρνίθια, ἐν οἷς ἐπῴζει, καθίζοντα ἐπὶ τῶν ᾠῶν.
κάλλιστος	μάλιστα καλός.
καλλωπίζοµαι	καλὸν ἐμαυτὸν κοσμῶ, πρὸς καλὸν σχῆμα.
καλῶ	call
κάλως	rope
κάµατος	πόνος, ἔργον μέγα.
κάµνω	grow weary
καμπύλος	curved
κανηφόρος	ἡ φέρουσα κανοῦν ἐν ἑορτῇ.
κανοῦν	basket
καπνὸς	ἐξίεται ὅταν πῦρ ἅψηται· ἔστι δέ πως µέλας.
καρβάτιναι	ὑποδήματα δερµάτινα
καρπός	fruit, καρπὸν φύει τὰ ἀκρόδρυα ἢ καρποφόρα δένδρα. καλεῖται δὲ καὶ ὀπώρα ὁ καρπός.
καρποῦμαι	καρπὸν ἔχω· χρῶμαι, ἀπολαύω.
καρποφόρος	ὃς καρπὸν φέρει, ὁ φέρων καρπόν.
κάρυον	nut. τῷ καρύῳ ἔξω μέν ἐστι λέμμα ἢ λεπίς, ἔνδον δὲ κόκκος ἢ πυρήν· πίθηκος δὲ καὶ ψιττακὸς τὸ μὲν λέμμα θραύει, τὸν δὲ κόκκον ἢ πυρῆνα ἐσθίει.
Καρχηδών	μεγίστη τῶν Φοινίκων πόλις ἐν Λιβύῃ οὔσα.
κατά τι	according to, along, throughout, near.
κατά τινος	down from, against (opposite of ἀνά).
κατὰ χώραν	ἐν τῇ ἑαυτοῦ χώρᾳ ἕκαστος.
κατάγνῡμι	θραύω
καταδέω	εὖ δέω.
καταδύω	εἰσέρχομαι.
κατακαίω	καίω τὸ πᾶν
κατακλίνω	ἄγω εἰς κλίνην, ποιῶ κατακλίνεσθαι ἢ κατακεῖσθαι. εν κλίνῃ κατακλινόμεθα, καὶ δειπνοῦντες καὶ νοσοῦντες.
κατακλῶ	κατακλᾷ τις ἀποθραύσας τοὺς τῶν δένδρων κλάδους.
κατακόπτω	cut down.
κατάλυσις	γίγνεται, ἐπειδὰν καταλύσωμέν τι καὶ παύσωμεν· τέλος, παῦλα.
κατανεύω	κινῶ κάτω τὴν κεφαλήν, ἐὰν συμφῶ.
κατανοῶ	καταµανθάνω, ὁρῶ.
κατανύω	τελῶ, τελευτῶ
καταπίπτω	fall
καταποντίζοµαι	καταδύω ἐν θαλάττῃ.
κατάρᾱτος	accursed.
κατασκευή	τὸ ποιεῖν πάντα ἔτοιμα.
καταστρέφοµαι	στρέφω ἄνω κάτω, νικῶ, διαφθείρω.
κατάστρωμα	deck
καταφρονῶ	φαῦλον νομίζω, καταφρονοῦμεν ἐκείνων, οὓς ἐν ὀλιγωρίᾳ ἔχομεν.
καταψεύδοµαι	ψευδῆ λέγω κατά τινος.
καταψῶ	καταψᾷ τις ἀπομοργνύς· ὥσπερ καταψῶμεν ἱδρῶτα τοῦ σώματος τῇ χειρὶ ἢ σινδόνι.
κατεκάησαν	ἀπώλοντο πυρί.
κατέχω	ἀντιλαμβάνω, ἅπτομαι, ἔχομαι.
κατηγορῶ	ὅταν δικάζωνται, ὁ διώκων λέγει ὅ τι ἐποίησεν ὁ φεύγων, κατηγορεῖ δ’ αὐτοῦ οὕτως.
κατίσχω	ἀμύνω
κατοικίζω	κτίζω, οἰκοδομῶ πόλιν.
κατοικῶ γῆν	οἰκῶ ἐν γῇ.
κατολισθάνω	slip down
κατορύττω	κατασκάπτω.
κάτωθεν	below
καυµατώδης	ἔχων καῦμα· ὅταν καύσῃ ἥλιος.
Καφηρεύς	τῆς Εὐβοίας ἄκρον.
κέγχροι	millet
κείρω	τέµνω τρίχας ἢ ὄνυχας· κείρουσι δὲ καὶ πρόβατα ἔχοντες µαχαίρας κουρίδας
κέκτηµαι	ἔχω, πέπαµαι.
κέλαδος	θόρυβος καὶ βοή.
κελαινός	µέλας.
κελεύω	bid, command. κελεύει δὲ καὶ ὁ κελευστὴς ἐν τῷ πλοίῳ, τὸ δὲ κελευόµενον κέλευσµα.
κέλης	ἢ ἵππος ταχὺς ἢ πλοῖον μικρόν τε καὶ ταχύ.
κένταυρος	ὁ μὲν ἥμισυς ἀνήρ, ὁ δ’ ἥμισυς ἵππος.
κέντρον	τῷ κέντρῳ κεντοῦσιν αἲ τε μέλιτται καὶ οἱ σκορπίοι· κεντοῦσι δὲ καὶ οἱ βουκόλοι τοὺς βοῦς. ὀξύ τί ἐστι τὸ κέντρον.
κεντῶ	κέντρον εἰσβάλλω. εἰ δὲ μαθεῖν χρὴ τί τὸ κέντρον, ζητοίης ἄν.
κεραίᾱ	ξύλον τοῦ ἱστοῦ ἐγκάρσιον, ἐξ οὗ ἅπτεται τὸ ἱστίον.
κεραμεοῦς	πήλινος· ὁ γὰρ κέραμος πήλινόν ἐστι σκεῦος.
κεράννῡμι	µείγνυμι. ο κεραννύουσι δὲ οἶνον μεθ’ ὕδατος πολλοῦ.
κέρας	ἔχει ἡ βοῦς δύο κέρατε ἐν κεφαλῇ. ἔχει δὲ καὶ στρατὸς δύο κέρατε, τὸ μὲν δεξιόν, τὸ δ’ εὐώνυμον.
κερδαίνω	κέρδος ἔχω, πλεονεκτῶ.
κερκίς	shuttle
κέρμα	τὰ κέρματ’ ἐστὶ τὰ µικρὰ, νομίσματα.
κηδεστής	πατὴρ τῆς νύμφης· ἡ δὲ νύμφη μέλλει γαμεῖσθαι.
κηλῶ	κηλεῖ ὁ κηλητὴς θέλγων ἐπῳδαῖς.
κῆπος	garden. ἐν κήπῳ φυτεύεται τὰ φυτά· καὶ λάχανα καὶ δένδρα φυτεύομεν ἐν τῷ κήπῳ.
κηρός	ποιοῦσιν αἱ μέλιτται καὶ μέλι καὶ κηρόν· τὸ μὲν μέλι ἐσθίομεν, τὸν δὲ κηρὸν οὔ,
κηφήν	µέλιττα ἀρσενική· οἱ δ’ οὐδὲν ἐργάζονται.
κιθαρίζω	ψάλλω τὴν κιθάραν.
κινδυνεύω	ἐν κινδύνῳ εἰμί,
κινῶ	move
κιττός	ivy
κίχρηµι	δανείζω. (χρήσω, ἔχρησα.) καὶ μὴν ὁ χρησάµενος ἐδανείσατο.
κλάδος	branch, twig. τὰ ἄκρα τῶν δένδρων κλάδοι ἐστίν, ἐπὶ δὲ τῶν κλάδων φύλλα φύεται.
κλαίω	weep
κλάς	κλάδος
κλέος	δόξα ἐστὶ τὸ κλέος.
κλέπτης	ὁ λαμβάνων τὰ μὴ ἑαυτοῦ ἀπ’ ἄλλων ἀκουσίων ὄντων ἢ λάθρα. κλέπτει δ’ ὁ κλέπτης.
κλέπτω	ὁ κλέπτης κλέπτει. ὅρα τὸ κλέπτης.
κλῄς	key
κλῄω	shut
κλίνη	couch, bed. κλινόμεθα ἐπὶ κλίνης.
κλύδων	κῦμα θαλάττης.
κλυδώνιον	κλύδων· θόρυβος θαλάττης.
κλώζω	cluck. ἡ ἀλεκτρυὼν κλώζει ᾠὸν τεκοῦσα.
κλώθω	ἡ γυνὴ κλώθει λίνον ἐξ ἐρίων, χρωµένη ἀτράκτῳ τε καὶ ἠλακάτῃ.
κνημίς	αἱ κνημῖδες περίκεινται περὶ τῶν κνημῶν.
κνίζω	λαβὼν σάρκα δυοῖν δακτύλοιν πιέζειν.
κόβᾱλος	hobgoblin, booby
κοΐζω	κοΐζουσι μὲν χοῖροι, βοῶσι δ’ ἄνθρωποι.
κοῖλος	hollow
κοιμῶ	lull to rest
κοινωνός	ὁ µετέχων. κοινωνοῦσι δ’ οἱ κοινωνοί, κοινωνίαν ἔχοντες.
κόκκος	πυρήν τὸ ἔνδον τοῦ καρύου
κολακεύω	ὁ κόλαξ κολακεύων πάντα ποιεῖ ὥστε χαρίζεσθαι, θέλγων καὶ θωπεύων. καὶ ἐπαινῶν.
κολοβός	ἄνεν κεράτων, ἢ κατεαγότων τῶν κεράτων· ἴσως ἔχων μικρὰ τὰ κέρατα.
κόλπος	bosom, fold (= pocket).
κόµαρος, ἡ	strawberry tree
κόµη	hair, τρίχες. κομῶσι δ’ οἳ τὰς κόµας ἔχουσι μακράς.
κοµίζω	φέρω.
κομπάζω	χρῇσθαι κόµποις.
κόµπος	boast
κοπιάζει	ὁ ἄνεμος ἐὰν παύσηται πνέων.
κόπος	ἔργα πολλά
κόπτω	παίω.
κόραξ	οἱ κόρακες φθέγγονται καῦ καῦ· μέλανες δ’ εἰσὶ τὸ χρῶμα. τὸ δ’ ἐς κόρακας εὐχή ἐστιν· διασπαράττοιέν σε οἱ κόρακες τοῖς ῥυγχίοις νεκρὺν ὄντα ἄθαπτον.
κορέσασθαι	ἀντὶ τοῦ δεῖ κορέσασθαι, τὸ δὲ κορένῡμι ταὐτό ἐστι ὅπερ τὸ ἅλις δίδωµι, ὥστε οἱ κορεσάµενοι ἅλις ἔχουσιν.
κόρη	τῶν παιδίων ὁ μέν ἐστι παιδίσκος, ἡ δὲ κόρη.
Κορίνθιος	τῆς Κορίνθου.
κόρος	satiety. κόρος ἐστὶ τὸ πλήρη γενέσθαι καὶ μηδὲν πλέον ἐθέλειν ἔχειν.
κόρρη	κατὰ κόρρης· πλησίον τῶν ὤτων.
κόρυµβα	stern-ornaments
κόρυς	κράνος ὁπλίτου.
κορώνη	γένος κοράκων αἱ κορῶναι.
κουµίως	ἐν κόσμῳ.
κόσμος	order, ornament. κοσμεῖ δ’ ὁ κοσµητής.
κοσμῶ	deck out
κότινος	ἀγρία ἐλαία,
κοῦφος	οὐ βαρύς οὐδὲν, βάρος ἔχων.
κράζω	φθέγγομαι ὥσπερ βάτραχος ἢ κόραξ.
κραιπαλῶ	κραιπαλᾷ τις ἀλγῶν τὴν κεφαλὴν ἅτε πιὼν οἶνον.
κράνος	σκέπασµα κεφαλῆς ὁπλίτου.
κραυγή	φθόγγος μέγας, ὀλολυγμός, κώκυµα· οὐχὶ φωνή, ἀλλ’ ἄνευ νοῦ τις ψόφος.
κρέας	flesh. σὰρξ ζῴων παντοίων, ἥνπερ ἐσθίομεν.
κρηµνοβάτης	βαίνων ἐπὶ τῶν κρημνῶν· ἐπὶ λόφων περιπατοῦντες.
κρηµνός	πέτρα ὑψηλή.
κρῑθαί	barley
κρίσις	δικαζοµένων τινῶν κρίνει ὁ κριτής πότερος μὲν ἀδικεῖ, πότερος δ’ οὔ· αὕτη δὲ κρίσις ἂν καλοῖτο.
κροκή	ὕφασμα.
κροκόδειλος	μῶν ἀγνοεῖς καὶ τοῦτο; φεῦ, φεῦ.
κρόμµυον	onion
κρύος	τὸ κρύος ψῦχός ἐστιν.
κρύσταλλος	ὕδωρ πεπηγμένον.
κτανέτην	ἐκτανέτην, ἄνευ τῆς αὐξήσεως.
κτῶμαι	κτᾶταί τις πορίζων τε καὶ παρασκευάζων ἑαυτῷ κτήματα· κτησάµενος δὲ κέκτηται.
κύαµος	bean
κυβερνῶ	ὁ κυβερνήτης κυβερνᾷ τὴν ναῦν τῷ πηδαλίῳ χρώµενος, ὥστε μὴ ἁμαρτεῖν τῆς ὁδοῦ.
κυβιστητήρ	ὃς ἂν θρῴσκῃ καὶ τρόχους ποιῆται τῷ σώµατι, χορεύων μετὰ τέχνης παντοίας, ἤ κατιὼν εἲς τὸ ὕδωρ ἐξ ὀψηλοῦ τόπου.
κυβιστῶ	κολυμβῶ.
κῦδος	δόξα.
κύκλος	circle, wheel
κυκλῶ	ἐν κύκλῳ περιέχω.
Κυλλήνη	ὄρος τῆς Ἀρκαδίας.
κύμβαλον	ὄργανον χαλκοῦν· κροτοῦσι δὲ ζεῦγος κυµβάλων ἐπ’ ἀλλήλων.
κυνηγέτης	οἱ κυνηγέται θηρῶσι θήρων μετὰ κυνῶν.
κύριος	master, having rights over something.
κυρτῶ	κυρτὸν ποιῶ. ὁ ἄνεµος κυρτοῖ τὰ ἱστία πνέων.
κύων	dog, καὶ ὁ σείριος· οὗτος δὲ μηνὸς Μεταγειτνιῶνος καταδύει ἅμ’ ἡλίῳ, καὶ καύµατα ἐπιγίγνεται.
κώκῡμα	βοή τις.
κωλύω	ἐμποδίζω.
κῶμα	τοῦτο πάσχουσιν οἱ νοσοῦντες, ἐὰν κωφοὶ καὶ ἄφωνοι καὶ ἀκίνητοι ὦσιν, ὥσπερ νεκροί.
κώμη	village
κωμητής	ἐστιν ὁ ἐν κώμῃ οἰκῶν, ὥσπερ καὶ πολίτης ὁ ἐν πόλει οἰκών.
κωπή	oar, ἔρετμος.
κωφός	ἄνευ ἀκοῆς.
λαβή	ὅταν λαβώμεθά τινος, λαβή ἔστιν· ὁ δὲ λαβὴν ἐνδίδωσιν.
λαβρός	ἰσχυρός, µέγας, βίαιος.
λαγχάνω	get by lot, have allotted.
λαγώς	hare
λάθρᾱ	οὐ φανερῶς, κλεπτικῶς
λαῖφος	ἱστίον.
λαλῶ	λέγω πολλὰ καὶ ἄφρονα.
λαμβάνω	take
λαμπρός	λάµπων, στίλβων· κλεινός.
λάμπω	shine. φῶς δίδωσιν ὥσπερ λαμπὰς ὁ ἥλιος λάµπων.
λανθάνω	ποιῶν ὃ μηδεὶς ὁρᾷ.
λάρκος	κανοῦν ἐν ᾧ οἱ ἀνθρακῆς φέρουσι τοὺς ἄνθρακας.
λάχανον	vegetable
λάχνη	τρίχες τοῦ τῶν ζῴων δέρματος.
λεαίνω	λεῖον ποιῶ.
λέβης	cauldron. κεῖται ὁ λέβης ἐπὶ τοῦ τρίποδος· ὑπὸ δὲ τοῦ λέβητος καίεται πῦρ· οὕτω δὴ ζεῖ τὸ ὕδωρ τὸ ἐν τῷ λέβητι.
λέγω	speak, say. λέγω λόγον τῇ φωνῇ, ἀνοίξας μὲν τὸ στόμα, γλώττῃ δὲ χρώµενος. ὁ μὲν λέγει ὁ δ’ ἀκούει.
λειµών	ἐν τῷ λειμῶνι βλαστάνει πόα.
λεῖος	smooth, οὐ τραχύς.
λείπω	leave
λείψανον	τὰ λείψανα ταῦτ’ ἐστὶν ἅπερ ἄν τις λείψῃ
λεκάνη	dish
λεκιθίτης	bannock
λεκτέος	to be said, to be spoken; one must say or speak (latin 'dicendus')
λέμμα	ὄστρακον ᾠοῦ.
λευκός	white, λευκόν ἐστι τοῦτ’ ἐφ’ οὗ γράφω· τὸ δ’ ἐναντίον τοῦ λευκοῦ, μέλας.
Λεωνίδας	βασιλεὺς Σπάρτης, ὃς μετ’ ἄλλων τριακοσίων ἀπέθανεν ἐν Θερμοπύλαις.
λήγω	παύομαι.
λήθη	forgetfulness. λήθην ἔχων λανθάνοµαι, οὐ µέμνημαι.
λῆμα	θῦμος, θράσος, ἀνδρεία.
ληνός	winepress
λῆρος	φλυαρία, µωρία
λῃστής	κλέπτης βίαιος,
λῃτουργίᾱ	ἔδει τοὺς πλουσίους τῶν πολιτῶν λῄτουργεῖν λῄτουργίας τῇ πόλει, ἀναλίσκοντας κατὰ τάξιν καὶ δαπάνην παρέχοντας, ἦσαν δὲ αἱ ἐγκύκλιοι λῃτουργίαι χορηγία, γυμνασιαρχία, ἑστίασις τῆς φυλῆς, ἀρχιθεωρία· ἐν πολέμῳ δ’ ἄλλαι τ’ ἦσαν καὶ ἡ τριηραρχία.
λῃτουργῶ	ὅρα τὸ λῄτουργία.
λίαν	πλέον τοῦ δέοντος.
λίθινος	λίθου.
λίθος	stone
λίκνον	ἐν λίκνῳ κοιμᾶται τὸ βρέφος.
λιµήν	ἐν λιμένι ὁρμοῦσιν αἱ νῆες, ἔξω κινδύνου.
λίμνη	ὕδωρ ἐν µέσῃ τῇ γῇ πλώιμον πλοίοις. τὸ δ’ ἕλος ἐστὶ βραχύ.
λῑμός	πεῖνα μεγίστη.
λίνον	thread, σχοινίον λεπτόν. κλώθουσαι τὰ ἔρια λίνον ποιοῦσιν αἱ γυναῖκες.
λῑπαρῶ	ἰκετεύω.
λίπος	τὸ παχύ, δηµός.
λόγος	κατὰ λόγον, ὡσαύτως· ὡς εἰκὸς ἐκ τούτων.
λόγχη	δόρυ.
λοιδορίᾱ	λοιδοροῦσιν οἳ ἂν κακὰ λέγωσιν ἀλλήλους µεγάλῃ τῇ φωνῇ.
λοιπός	remaining. ὅταν λάβῃς µέρος τινός, τὸ ἄλλο λοιπόν ἐστι, τὸ λειφθὲν ἢ λελειμμένον.
λουτρόν	τὸ λούεσθαι.
λούω	τι χρώµενος ὕδατι, ἵνα γένηται καθαρὸν ἀντὶ αὐχμηροῦ· λούομαι δὲ καθ’ ἡμέραν τὸ σῶμα, χρῆν γοῦν ποιεῖν τοῦτο, εἴ τις μὴ ἐποίησεν.
λοφιά	χαίτη.
λόφος	hill. ὁ λόφος ἢ τὸ ὅρος, τόπος ὐψηλός.
λόχμη	δρυµός.
λοχῶ	λοχᾷ τις πολέμιος ὢν κρύψας ἑαυτὸν ἵνα φθάσῃ ἐπιπεσὼν τῷ πολεμίῳ.
λύγος	a long, flexible twig or shoot used in basket weaving; a withe
λύκος	wolf
λύμαίνομαι	σχεδὸν διαφθείρω κακὸν ποιῶν
λύπη	sorrow, pain. λυπεῖ μὲν ἡμᾶς πολλά, ἡμεῖς δὲ λυπούμεθα.
λῡπηρός	λύπης µεστός, λύπην ἐμποιῶν.
λύρα	ὄργανον τῆς µουσικῆς· γράφε γὰρ δὴ γράμμασιν Ἀγγλικοῖς τὸ ὄνομα.
λύχνας	λαμπάς, φῶς, δᾷς· ἀλλὰ πήλινος ἦν ὁ λύχνος, καὶ ἔλαιον ἐκαίετο διὰ θρυαλλίδος.
λύω	loose, end
λῷον	ἄμεινον.
μά	by (in oaths)
µάγειρος	παρασκευάζει δεῖπνον.
μᾶζα	cake, plankbread, παροιμία· ἀγαθὸν καὶ μᾶζα µετ’ ἄρτον.
μαθητής	µανθάνουσι µαθηταί, διδάσκουσι διδάσκαλοι
µάκαρ	blessed
µακάριος	µάκαρ· πλούσιος.
µακέλη	ὄργανον τοῦ σκάπτειν. σκάπτοι τις ἂν οὕτως· καθίησι μὲν τὸν σίδηρον τῆς µακέλης εἰς τὴν γῆν, καὶ καταπατεῖ τῷ ποδί· μετὰ ταῦτα ἐκβάλλει βῶλον.
μακράν	afar, πόρρωθεν, ἐν γῇ πολὺ ἀπεχούσῃ.
µάλα	πάνυ, πολύ.
µάλθα	wax (smeared on a tablet). ἐν µάλθῃ γράφομεν.
µαλθακός	soft, οὐ σκληρός.
μάλιστα	very. µάλιστά γε, yes.
μᾶλλον	rather, more (µάλα, μᾶλλον, μάλιστα.)
μάμμη	τίτθη· αὕτη δ’ ἂν δοίη γάλα τῷ βρέφει
μάνδρᾱ	σταθµός· αὐλὴ καὶ οἰκίσκος τῶν ποιμένων ἐπὶ τοῖς ὄρεσιν.
µανθάνω	learn. μανθάνοµεν ἅ μὴ ἴσμεν· ἄλλος δέ τις διδάσκει.
μαντεῖoν	ἱερὸν ἐν ᾧ µάντις χρῇ τὸ μέλλον· χρηστήριον.
µάντις	προορᾷ τὸ μέλλον ὁ µάντις· µαντεύεται οὖν. τὸν δὲ µάντιν οὐκ ἂν λάθοις οὔτε λέγων οὔτε πράττων.
μαραίνω	µαραίνεται μὲν τὸ ἄνθος ὅταν καταπέσῃ ἀποθνῄσκον, µαραίνεται δὲ καὶ πῦρ ὅταν παύσηται καιόμενον.
μαρτυρῶ	µαρτυρίαν παρέχω.
μαστιγίᾱς	δοῦλος µαστιγωθείς· ἔστι δέ τις λοιδορία τὸ ὄνομα.
µαστίξ	κάµαξ μακρὸς ἔχων ἵμαντα, ᾧ µαστιγοῖ τις ἵππους.
μασχάλη	τὸ μεταξὺ βραχίονος καὶ σώματος· τὸ ὑπὸ τοῦ ὤμου.
µάχαιρα	knife
μάχη	battle. μάχονται ἐν µάχῃ οἱ µαχηταί.
μεγαλοπρεπής	μέγας καὶ λαμπρὸς καὶ σεµνός.
Μέγαρα	ἐν µέσῳ ἐστὶν τῶν τῆς τ’ Ἀθηνῶν καὶ τῆς Κορίνθου· ἀπέχει δὲ τῶν μὲν Ἀθηνῶν διακοσίους καὶ ὀκτὼ µάλιστα σταδίους, τῆς δὲ Κορίνθου διακοσίους καὶ πεντήκοντα.
μέγεθος	size
μέγιστος	μέγας μάλιστα, µείζων τῶν ἄλλων· τὸ δ’ ἐναντίον, ὀλιγίστος.
µέδιµνος	χωρεῖ χοίνικας ὀκτὼ καὶ τετταράκοντα.
μέθη	γίγνεται, ἐπειδὰν πίῃ τις πλέον τοῦ δέοντος· τότε μεθύσκει
μειδιῶ	µειδιᾷ τις γελῶν ἄγευ ψόφου, μόλις ἀνοίξας τὸ στόμα.
µειράκιον	νεανίας
µελανόπτερος	µέλανα πτερὰ ἔχων.
µέλει	it concerns
µέλιττα	bee
µέλλω	be about to do something, or bound to do it; also 'delay'
µέλος	ᾆσμα· µέρος σώματος.
μὲν οὖν	no, no (in a correction)
µένω	remain. τὸ µένειν ἐστὶ τὸ μὴ ἀπελθεῖν.
µέρος	μοῖρα, τὸ ὅλον µεμερισμένον ἔχει μέρη.
µεσημβρία	μέση ἡμέρα· ἔστι δὲ καὶ ὁ ἐναντίος τῷ βορέᾳ τόπος.
µέσος	middle. τὸ μέσον ἐστὶ τὸ μεταξὺ δυοῖν ἢ πλεόνων.
µέσπῑλον	medlar (any tree of the genus Mespilus, but especially Mespilus germanica)
µεσσόθι	ἐν µέσῳ, µεσοῦντος.
µεστός	πλήρης, πεπλησµένος.
µετά τι	after
µετά τινος	with
µεταλλάττω	change, ποιῶ ἀλλοῖον.
μεταξύ τινων	between
μεταπέµποµαι	πέµπω ἄγγελον κελεύοντά τινα ἐλθεῖν.
μεταπηδᾷ	πηδᾷ ἢ ἅλλεται ἄλλοτε ἄλλοσε.
µεταχειρίζω	ἔχω ἐν χερσίν, χρῶμαι, νωμῶ.
µετέχω	μοῖραν ἔχω τινός
µετέωρος	ναῦς µετέωρος ἐν θαλάττῃ ἐστὶ καὶ οὐκ ἐπ’ αἰγιαλοῦ.
µετοπωρινός	τοῦ µετοπώρου
μέτριος	µέτριά ἐστι τὰ µέτρον. ἔχοντα καὶ μὴ ἄνευ μέτρου ὄντα· τὰ ἐν µέσῳ, µήτε λίαν μεγάλα µήτε λίαν μικρά· τὰ μὴ ὑπὲρ τὰ δέοντα.
µέτωπον	τὸ ὑπὲρ τῶν ὀφθαλμῶν.
μεχρί τινος	up to, as far as, ἄχρι.
Μηδικός	τῶν Μήδων. τὰ δὲ Μηδικὰ ὁ πόλεμός ἐστι τοῦ τε Δαρειοῦ καὶ τοῦ Ξέρξου.
μῆκος	length
μῆλον	apple
μήν	δώδεκα μῆνές εἰσι τοῦ ἐνιαυτοῦ. εἰσὶ δὲ δέκα μὲν ἡμέραι ἱσταμένου μηνός, δέκα δὲ μεσοῦντος, δέκα δ’ ἢ ἐννέα φθίοντος. (ἦν γὰρ τὸ πρὶν σελήνη ὁ μήν.)
μηνύω	ἀγγέλλω.
μηρύομαι	ὑφαίνω
μηχανῶμαι	μηχανᾶται ὁ µηχανὴν ποιούµενος.
µιαρός	vile
μικρός	small. οὐ μέγας, οὐκ ὀλίγος· τὸ δὲ μικρὸν τὸ μὴ µέγα ἢ τὸ μὴ ὀλίγον.
μῑμηλός	mimicking. μιμεῖται εὖ ὁ μιμηλός.
μῑμοῦμαι	ὅμοια ποιῶ, ὅμοιον σχῆμα.
μισθός	wages
µιστύλλω	κόπτω κρέα ὥστε μικρὰ γενέσθαι
μισῶ	τὸ ἐναντίον, φιλῶ. μισεῖ δέ τὶς μῖσος ἔχων.
μνᾶ	mina, βάρος τι ἡ μνᾶ ἐστιν, µέρος ἐξηκοστὸν τοῦ ταλάντου.
μνήμα	τύμβος, τάφος, στήλη ἀποθανόντος.
μνήμη	τὸ ἐναντίον τῆς λήθης. μιμνῃσκόμεθα τῇ μνήμῃ, λανθανόμεθα τῇ λήθῃ.
μόλις	οὐκ ἄσμενος, οὐχ ἑκών, µόνον οὐκ.
µόλω	(βλώσκω, μολοῦμαι, ἔμολον) = ἔρχομαι.
μόριον	part, µέρος, μοῖρα.
μορμώ	ἔμπουσα, λέγουσιν αἱ τροφαὶ μορμώ, ἵνα φοβῶσι τὰ παιδία.
μορφή	shape, τὸ εἶδος,
µοσχάριον	µόσχος μικρός.
µόσχος	ἡ βοῦς τίκτει μόσχους.
μουσικός	τὰς μούσας φιλῶν. ἔστι δὲ καὶ τέχνη ἡ µουσική.
μῦθος	story
μυῖα	fly
μύλη	τῇ μύλῃ χρωµένη ἀλεῖ ἡ γυνὴ πυροὺς καὶ κριθάς· ἐκ μὲν τῶν ἄλευρα ἐκβαίνει, ἐκ δὲ τῶν ἄλφιτα.
μυριάς	οὐκ ἂν ἁμάρτοις µυριάδα ἀνδρῶν λέγων µυρίους ἄνδρας.
μύρμηξ	ant
µυρσίνη	στέφανος µύρτου.
µύρτος	myrtle
µύσος	pollution, dirt
μυστικός	mystic, secret
μυχός	ὁ ἔνδον μάλιστα τόπος τοῦ ναοῦ.
µύω	κλῄω τοὺς ὀφθαλμούς.
µῶρος	τὸ ἐμαντίον τοῦ σοφοῦ μῶρόν ἐστιν.
ναίω	οἰκῶ
νᾱός	temple, νεώς. ἐν τοῖς νεῷς σέβονται οἱ θεοί, ἀνακεῖται δ’ ἀναθήματα, ὁ Ἀθήνησι νεὼς τῆς Ἀθήνης ὀνομάζεται ὁ Παρθενών.
ναυᾱγός	κατεαγυίας τῆς νεὼς ναυαγοὶ γίγνονται οἱ ναῦται.
ναυᾶγῶ	ναναγεῖ τις, καὶ ναυαγός ἐστιν, ἐὰν κατάξῃ τὸ πλοῖον ἐπὶ πέτραις.
ναύαρχος	ἄρχων τῶν ναυτῶν.
ναύκληρος	ὁ πρῶτος τῶν ναυτῶν, ἢ ὁ τὴν ναῦν κεκτηµένος.
ναυμαχῶ	ὅπου ἂν µάχωνται ναυσίν, ναυµαχίας γιγνομένης ναυμαχοῦσιν. έστι δ’ ἐναντίον ἡ πεζομαχία.
ναῦς	πλοῖον.
ναύτης	ναῦταί εἰσι τὸ πλήρωμα τῆς νεώς.
ναυτικός	τοῦ ναύτου.
νεανικός	young and strong, lively.
νεανίσκος	νεανίας, µειράκιον.
νεβρίς	δέρµα νεβροῦ, ὅστις ἐστὶ σκύμνος ἐλάφου.
νεκρός	σῶμα ἀνθρώπου ἀποθανόντος.
νέμω	τροφὴν δίδωµι.
νεογνός	νεογέννητος
νέος	young, new
νεόττιον	τέκνον ἐστὶν ὀρνιθίου.
νεοττός	τέκνον ὄρνιβος
νεῦρον	gut, sinew
νέφος	νεφέλη· νέφη δ’ ἔχων ὁ οὐρανὸς νεφελώδης.
νέω	spin
νεωκόρος	προσπόλος τις τοῦ ναοῦ.
νεωστί	lately
νέωτα	εἰς νέωτα, τοῦ μετὰ τοῦτο ἐνιαυτοῦ.
νή	by (in oaths).
Νηλεὺς	καὶ Πελίας, υἱὼ τοῦ Ποσειδῶνος, ἐξετέθησαν ὑπὸ τῆς μητρός· ἐκτεθέντες δὲ ἐσώθησαν ὑπ’ αἰπόλων τινῶν. µαθόντες δ’ ὕστερον τὸ γένος, εἷλον τὸν θρόνον τοῦ Κρηθέως ὃς ἔγημε τὴν μητέρα, καὶ βασιλής κατέστησαν Ἰωλκοῦ.
νήπιος	νεογέννητος· νέος. νήπιόν ἐστι τὸ βρέφος.
νησιώτης	ὁ ἐν νήσῳ οἰκῶν.
νῆσος	γῇ ἐν μέσῳ τῷ ὕδατι οὖσα· καὶ οἱ ἐν νήσῳ, νησιῶται καλοῦνται.
νῆττα	ὄρνις, ἥτις φωνὴν ἔχει ὥσπερ ὁ βάτραχος· κοὰξ κοάξ.
νίκη	victory
νικῶ	νίκων ἔχω, κρατῶ.
νοµάς	νέµων βοσκήµατα, καὶ διὰ τοῦτο οὐκ ἐν τῷ αὐτῷ μένων.
νοµεύς	ὁ νέµων αἶγας ἢ βοῦς ἢ πρόβατα.
νομίζω	think, οἴομαι δοκῶ. τὰ νομιζόµενα γίγνεται κατὰ νόμον καὶ κατὰ ἔθος.
νόµιος	τοῦ νομοῦ (οὐχὶ τοῦ νόµου). Ἑρμῆς δὲ νόµιος θεὸς ἦν προστάτης τῶν αἰγῶν καὶ προβάτων καὶ τῶν τοιώνδε.
νόµισµα	coinage
νομός	pasturage. ἐν τῷ νομῷ νέµονται αἵ τε βόες καὶ τἄλλα ζῴα.
νόμος	law. νόμους τίθησι μὲν ὁ τύραννος ἢ ὁ νοµοθέτης, τίθενται δ’ αὐτοὶ ἑαυτοῖς οἱ πολῖται.
νότιος	ὑγρός, ὑδατώδης. ἔστι δὲ καὶ νότιος ἄνεμος ὁ νότος, ὁ ἀπὸ µεσημβρίας πνέων.
νοῦς	διαφέρει τῷ νῷ ἄνθρωπος ζῴου.
Νύμφη	νύµφαι εἰσὶ δένδρων καὶ κρηνῶν, θεῖαί τινες οὖσαι.
νῦν	now
νυστάζω	νυστάζει τις ἐπειδὰν τάχιστα ἐθέλῃ καθεύδειν· οἱ δ’ ὀφθαλμοὶ συγκλῄονται αὐτόματοι.
νωθρός	lazy
νῶτον	back, τὸ ὄπισθε τοῦ σώματος.
ξαίνω	card (wool), σπαράττω.
ξανθός	tawny brown
ξένια, τα	ξενία· καλοῦσι δ’ ἐπὶ ξένια ὅταν ξενίσωσι δηµοσίᾳ.
ξενίζω	δέχομαι ξένον, ἀσπάζομαι.
ξένος	stranger, guest, host
Ξέρξης	υἱὸς ἦν τοῦ Δαρειοῦ, καὶ αὐτὸς βασιλεὺς τῶν Περσῶν μετὰ τὸν Δαρειόν.
ξηραίνω	ξηρὸν ποιῶ.
ξηράς	dry, τὸ ἐναντίον τοῦ ὑγροῦ. ξηραίνει δ’ ἥλιος τὰ ὑγρά.
ξίφος	φάσγανον· μάχαιρα στρατιώτου κώπην ἔχουσα, ἐν κολεῷ κειμένη, ἐξ ἧς ἀποσπᾷ ὁ ἔχων χρησόμενος.
ξύλινος	wooden
ξύλον	wood, stick τοῦτο ἔχομεν κατακόψαντες τὰ δένδρα, καὶ χρῶνται ξύλῳ οἱ ναυπηγοὶ καὶ οἱ τέκτονες.
ξυστός	ἐπειδὰν ξύωμεν κάµακα δόρατος καὶ ποιοῦμεν λειόν, ξυστόν ἐστιν ἤδη.
ὀβελός	ξύλον θηκτόν, ἀμφὶ ᾧ ὁπτῶσι τὸ κρέας.
ὀβολός	obol. ἕκτον µέρος ἐστὶ τῆς δραχμῆς.
ὄγμος	τὸ ἄροτρον ὄγμους κατατέµνει ἐν τῇ ἀρούρᾳ. τέλσον δ’ ἐστὶ τὸ τέρμα τοῦ ὄγμου.
ὁδοιπορῶ	πορεύοµαι ἐν ὁδῷ· βαδίζω ὁδίτης ὤν.
ὅδός	road. ἐν τῇ ὁδῷ πορεύονται μὲν αἱ ἅμαξαι, ὁδοιποροῦµεν δ’ ἡμεῖς.
ὀδύνη	λύπη, πόνος.
ὄξος	κλάδος
οἶδα χάριν	εὖ παθὼν οὐκ ἀμνήμων εἰμί ἀλλὰ µέμνημαι χάριν ἔχων· εὐχάριστός εἰμι, οὐκ ἀχάριστος.
οἴκαδε	πρὸς οἶκον.
οἰκέτης	οἱ ἐν οἰκίᾳ δοῦλοι, οἰκέται.
οἴκημα	οἰκία
οἴκησις	οἰκία
οἰκία	house. οἰκία ἢ οἶκός ἐστιν οὗπερ οἰκοῦμεν ἢ διάγοµεν τὸν βίον.
οἰκίσκος	οἶκος μικρός, οἰκία μικρά, δωµάτιον.
οἰκοδομῶ	ποιῶ οἰκίαν ἢ τεῖχος
οἴκοθεν	ἐξ οὐκίας
οἴκοι	ἐν οἰκίᾳ
οἰκονομίᾱ	management
οἰκτίρω	δι’ οἴκτου εἰμί.
οἰκτισμός	οἰκτρὸν σχῆμα καὶ στόνος.
οἶκτος	pity. οἰκτίρουσιν δι’ οἴκτου ὄντες πάντες ὅταν ἴδωσι τὰ οἰκτρά.
οἰκτρός	ἄξιος οἴκτου.
οἰκῶ, οἰκεῖς	dwell, οἶκον ἔχω ἢ οἰκίαν, διάγω τὸν βίον.
οἴμοι	alas, φεῦ.
οἰμωγή	βοή, οἴμοι.
οἰμῴζω	βοῶ οἴμοι.
οἰνοχόος	ὁ χέων τὸν οἶνον.
οἶς	πρόβατον. (οἰός, οἰί, οἶν, οἶες.)
οἰστρῶ	ταράττω ὥσπερ οἶστρος· ἔστι δ’ ὁ οἶστρος μυῖά τις ἔχουσα κέντρον.
οἴχομαι	φροῦδός εἰμι.
οἰωνός	ὄρνις· καὶ δὴ καὶ θεῖον σημεῖον καλοῦ ἢ κακοῦ.
ὀκέλλω	ἐξωθῶ ναῦν εἰς τὴν γῆν.
ὀκνῶ	ὀκνεῖ τις ποιεῖν ἃ μὴ ἐθέλει, εἴτε φοβούμενος εἴτ’ αἰσχυνόμενος εἴτε καὶ ἄλλως.
ὄλβιος	ὄλβον ἔχων. εὐδαίµων καὶ πλούσιος.
ὀλιγανθρωπίᾱ	ἐστὶν ἐὰν ὀλίγοι παρῶσιν ἄνθρωποι· τὸ δ’ ἐναντίον πολυανθρωπία.
ὀλίγος	small; ὀλίγοι = few. μικρός, οὐ πολύς, οὐ πολλοί.
ὀλίγου δέω	ὀλίγον κωλύει τὸ μὴ ποιεῖν τι· σχεδόν.
ὀλόλυγμα	βοὴ σεμνὴ γυναικῶν ἐν ἑορτῇ.
Ὄλυμπος	ὄρος μεταξὺ ὂν Θετταλίας τε καὶ Μακεδονίας, ἐν ᾧ οἰκοῦσιν οἱ θεοί.
ὁμαλός	flat, level
ὁμῆλιξ	οἱ ὁμήλικες τὴν αὐτὴν ἡλικίαν ἔχουσιν.
ὁμιλίᾱ	σύλλογος, ὄχλος, ποµπή
ὄμμα	ὄψις
ὄμνῡμι	swear, ὅρκον προστιθεὶς λέγω.
ὅμοιος	like. τὸ δ᾽ ἐναντίον, ἀνόμοιος.
ὁµοίως	οὐκ ἄλλως.
ὁμολογῶ	σύµφηµι, ὑπισχνοῦμαι
ὁμοῦ	together, ἐν ἑνὶ τόπῳ, ἐν τῷ αὐτῷ τόπῳ.
ὁμοφρονῶ	οἱ ταὐτὰ φρονοῦντες ὁμοφρονοῦσιν.
ὁμοφώνως	ἅμα, ὁμοίως.
ὅμως	nevertheless, yet
ὀνήσιμος	useful χρήσιμος. ἐάν τι ὀνήσῃ, ὀνήσιμον τοῦτο, ὀνίνησι τὰ ὀνήσιμα.
ὀνομάζω	name, call by name, λέγων τὸ ὄνομα ὀνομάζω.
ὄνος	ass. ὁ ὄνος μεγάλα μὲν ἔχει τὰ ὦτα, μιαρὰν δὲ τὴν φωνήν, καὶ ἀκάνθας ἐσθίει. τὰ μὲν ὅμοιός ἐστί πως τῷ ἵππῳ, τὰ δ’ ἀνόμοιος.
ὄνυξ	τὸ σκληρὸν τὸ ἐπ’ ἄκρων τῶν δακτύλων λέγοις ἂν ὀρθῶς ὄνυχα.
ὀξύς	ὀξὺ μὲν τὸ ἄκρον τῆς βελόνης, ὀξεῖα δ’ ἡ αἰχμή, καὶ τὰ ξίφη ὀξέα ἐστίν. λέγουσι δὲ καὶ ὀξεῖαν φωνήν, ὥσπερ τὴν τῆς γυναικός.
ὁπή	τρῆμα.
ὁπηνίκα	ὅτε, ἐν ᾧ.
ὀπίσθιος	ὁ ὄπισθεν.
ὀπισθοχειμών	ἐὰν χειμῶνες γένωνται ἦρος ἤδη ἀρχομένου, καλοῦνται ὀπισθοχειμῶνες.
ὁπλή	χηλή.
ὁπλιταγωγός	ἐάν τις ναῦς ὁπλίτας ἄγῃ, ὁπλιταγωγός ἐστιν.
ὁπλίτης	στρατιώτης μεθ’ ὅπλων.
ὅπλον	ὄργανον. οἱ μὲν πολεμοῦντες ὅπλοις χρῶνται, λέγοις δ’ ἂν ὅπλα καὶ τὰ ξύλα τε καὶ ἱστία τῆς νεώς.
ὁποσοσδήποτε, ὁποσοσοῦν	however much it may be.
ὁπτῶ	ὀπτῶσιν οἱ μάγειροι κρέα ἐν πυρὶ πρὶν ἐσθίειν.
ὅρᾱμα	θέα, ὄψις.
ὄργανον	organ, tool
ὀργή	anger, χόλος. ὀργίζεται δ’ ὁ δύσκολος ῥᾳδίως.
ὀργίζομαι	εἰμὶ ἐν ὀργῇ, δι’ ὀργῆς εἰμι, χρῶμαι ὀργῇ.
ὀργίλως	μετ’ ὀργῇς.
ὀργυιά	fathom (roughly six feet)
ὄρθιος	ὀρθός, οὐ κλινόµενος.
ὀρθός	upright
ὁρμίζω	τὴν ναῦν, ἐὰν ἄγω εἰς ὅρμον· ὁρμίσας δὲ αὐτήν, ὁρμίζεται καὶ ὁρμεῖ.
ὅρμος	ἐν τῷ λιµένι ὅρμος ἐστί, τόπος ὢν ἐν ᾧ ἀσφαλῶς κεῖνται αἱ νῆες ἐπ’ ἀγκυρῶν.
ὁρμῶ	ὁρμεῖ τὰ πλοῖα ἐν ὅρμῳ ὄντα.
ὀρνίθεια	bird's flesh, fowl. τὰ ὀρνίθεια κρέα ἐσθίουσιν.
ὀρνίθιον	bird, μικρὸς ὄρνις. τὰ ὀρνίθια πτερὰ μὲν ἔχει καὶ πτέρυγας, τίκτει δ’ ᾠά.
ὄρνις	οἱ ὄρνιθες ἔχουσι πτερά· ὄρνις δὲ μικρός, ὀρνίθιον.
ὄρος	τὸ ὄρος ἐστὶ λόφος.
ὀρρωδίᾱ	δέος ἢ καὶ φόβος τις.
ὀρύττω	σκάττω, ὄρυγμα ποιοῦμαι.
ὄρχησις	τὸ ὀρχεῖσθαι, τὸ χορεύειν.
ὀρχοῦμαι	χορεύω.
ὁρῶ	see, βλέπω, θεῶμαι, ἀθρῶ. ὁρῶμεν τοῖς ὀφθαλμοῖς τὰ ὁρατά, τὰ δὲ μὴ ὁρατὰ οὐχ ὁρᾷ οὐδείς. τὸ δ’ ὁρᾶν ὅμοιόν ἐστι τῷ τε βλέπειν καὶ τῷ θεᾶσθαι καὶ τῷ ἀθρεῖν.
ὀσμή	ἐπειδὰν ὄζῃ τι, ὀσμὴ γίγνεται, κἄν τις ὀσφραίνοιτο.
ὄστρακον	tile, shell
ὅτε	when
ὅτι	that, because
οὐδεπώποτε	οὐδέποτε
οὐδός	τὸ ἔδαφος τὸ παρὰ τῇ θύρᾳ.
οὐκ ἔστιν ὅπως	οὐδαμῶς, οὐ πάνυ.
οὐκέτι	οὐ νῦν ὥσπερ πρίν.
οὔκουν	not
οὐκοῦν	therefore
οὖν	therefore
οὖον	sorb-apple (fruit tree of the species Sorbus domestica)
οὔπω	not yet
οὐρά	tail
οὐρανός	sky, weather ὁ οὐρανός ἐστιν ὑπὲρ τῆς γῆς· καὶ μεταξὺ γῆς καὶ οὐρανοῦ, ἀήρ.
οὔριος	ἄγεμος καλός ἐστι πρὸς τὸν πλοῦν.
οὐσίᾱ	κτήματα καὶ χρήματα.
οὕτως, οὕτω	thus. ὧδε, τῴδε τῷ τρόπῳ, τούτῳ τῷ τρόπῳ, κατὰ ταῦτα.
ὄφελος	βοήθεια,
ὀφθαλμίᾱ	νόσος ὀφθαλμῶν, ᾗ ὀφθαλμιῶσιν.
ὀφθαλμός	τοῖς ὀφθαλμοῖς ὁρῶμεν.
ὄχημα	τοῦτ’ ἐφ’ οὗ ὀχεῖταί τις, ἅρμα, ἅμαξα, ναῦς.
ὄχλος	ὄχλον παρέχω, πράγµατα παρέχω ἢ κόπον. ὁ δ’ ὄχλος ἐστὶ καὶ σύλλογος ἀνθρώπων συμμεμειγµένων.
ὀψέ	τὸ ἐναντίον τοῦ πρωΐ.
παγίς	μηχανὴ τοῦ αἱρεῖν ὄρνιθας.
πάθος	τὸ γεγενηµένον ἡμῖν, ὅπερ ἐπάθομεν, τοῦτο πάθος ἐστίν.
παιανίζω	παιᾶνα ᾄδω· ὕμνος ἐστὶν ὁ παιάν.
παιανισµός	παιὰν ᾀδόμενος
παιδαγωγός	οὗτος δοῦλός ἐστιν, ὃς ἄγει τὰ παιδία παρὰ τὸν διδάσκαλον.
παιδάριον	παιδίον μικρὸν ἢ βρέφος.
παιδεύω	διδάσκω, ὥσπερ πατὴρ παῖδας.
παιδιά	τὸ παίζειν.
παιδίον	child, boy or girl, παῖς μικρός, ἢ παιδίσκος, ἢ παιδάριον, ἢ τέκνον.
παιδίσκος	μικρὸν παιδίον, ἀλλ’ οὐ κόρη.
παιδοτροφίᾱ	τροφὴ παιδός τὸ παῖδα τρέφειν. ὀ τρέφων δὲ παιδοτρόφος.
παίζω	play
παῖς	παιδίον
παίω	τύπτω.
παιών	ὄνομα τοῦ Ἀσκληπιοῦ καὶ τοῦ Ἀπόλλωνος ὡς ἰωμένων καὶ θελγόντων τὰ κακά.
παλάθη	scone
παλαιός	ἀρχαῖος, οὐ νέος.
πάλη	τὸ παλαίειν· παλαίουσι δὲ συµπλέκοντες τὰ σώματα ἵνα ἕτερος ἕτερον καταβάλῃ χαμαί.
παλιρροία	γίγνεται ὅταν τὸ ῥεῦμα ῥέῃ πάλιν.
Πάν	θεὸς αἰπόλων καὶ νοµέων.
Παναθήναια	τὰ Παναθήναια ἑορτή ἐστι μεγίστη τῆς Ἀθήνης, πέµπτῳ ἔτει γιγνομένη.
παννύχιος	πᾶσαν τὴν νύκτα.
παννυχίς	ἑστίασις καὶ χαρὰ τῶν πᾶσαν τὴν νύκτα ἀγρυπνούντων.
παντελῶς	τὰ πάντα
παντοδαπός	παντοῖος
πάνυ	very, παντελῶς, μάλιστα.
πάπῡρος, ἡ	papyrus or paper
παρά τι	to, along, during; contrary to, compared with.
παρά τινος	away from
παρά τινι	beside
παραινῶ	κελεύω, οὐχ ὠς δεσπότης, ἀλλ’ ἐξ ἴσου λέγων.
παρακάθηµαι	πλησίον κάθηµαι.
παραλέγω	λέγω ἄνευ νοῦ, ληρῶ.
παραλλάττω	παραµείβω, παραπλέω.
παραμύθιον	consolation
παραπλέω	παρὰ τὴν γῆν, παρὰ τὸν αἰγιαλόν.
παρασκευάζω	prepare, παρασκευὴν ποιοῦµαι· παρεσκευασµένων δὲ πάντων πάντα ἑτοῖμα.
παραφέροµαι	ἐκτὸς ἐμαντοῦ φέρομαι, οὐκ ἔνδον εἴμ’ ἐμαυτοῦ, ἄφρων εἰμί.
παρειά	µέρος ἐστὶ τοῦ προσώπου ἑκατέρωθε τῆς ῥινός, οὗπερ καὶ ἐρυθριῶμεν.
πάρειμι	οὐκ ἄπειμι· ἐγγύς εἰμι, ἔν τινι τόπῳ.
πάρεστι	δυνατόν ἐστιν, ἔνεστιν, ἐξεστιν.
παρέχω	provide, παρασκευάζω.
παρθένος	κόρη ἄγαμος.
παροιμία	proverb
πάσχω	experience. παθήματα μαθήματα· ἰδοὺ παροιµία, ὁ γὰρ παθὼν καὶ ἔμαθεν.
πάταγος	ψόφος, κρότος.
πατήρ	ὁ μὲν πατήρ ἐστι τῶν τέκνων, ἡ δὲ µήτηρ.
πατρίς	πατρία γῇ
πατριώτης	ὁ ἐκ τῆς αὐτῆς πατρίδος.
πάτταλος	peg, stump. παροιµία ἐστίν, ὅτι πάτταλος πάτταλον ἐκκρούει.
πατῶ	τοῖς ποσὶν ἐμβαίνω.
παύω	check. ἐὰν παύσῃ τινά τις, οὗτος παύεται.
πάω	sprinkle
πέδιλον	ὑπόδημα ποδὸς λεπτόν.
πεδινός	τοῦ πεδίου.
πεδίον	plain
πεζός	πορευόµενος ποσίν, οὐχ ἵππῳ ὀχούμενος.
πείθω	παράγω λόγοις ὥστε ποιεῖν ὅ τι ἂν δοξῃ µοι· πείθοντος δ’ ἐμοῦ, πείθεται ὁ ἕτερος.
πεινῶ	πεινῇ ὁ μὴ ἔχων μηδὲν ὥστε φαγεῖν, ἐθέλων δὲ φαγεῖν· ὁ ἄσιτός τοι ἄν πεινῴῃ. τὸ δὲ πεινῆν ἐστιν ἡ πεῖνα. (ἄλλο μὲν τὸ πεινῆν, ἄλλο δὲ τὸ πίνειν.)
Πειραιεύς	ἐμπόριον τῶν Ἀθητῶν παρὰ θαλάττῃ.
πείρω	ὠθῶ ὀξύ τι διά τινος, ὥστε περαίνεσθαι.
πειρῶμαι	πεῖραν ποιοῦμαι, ἀπάρχομαι.
πεῖσμα	κάλως τῆς νεώς.
πελάγιος	θαλάττιος
πέλαγος	ἡ ἔξω θάλαττα τὸ πέλαγός ἐστι.
πελάζω	bring near or put in.
πέλανος	μέλι καὶ ἔλαιον καὶ ἄλφιτα συμμεμειγμένα καὶ συμπεφυρμένα· τοῦτο καθωσίωσαν τοῖς θεοῖς εἰς τὸ πῦρ εἰσβάλλοντες.
πελαργός	stork
πέλας	πλησίον
πέλεκυς	ὄργανον σιδηροῦν, ᾧ κατατέµνουσι δένδρα.
Πελίας	ὅρα τὸ Νηλεύς.
πέµπω	send
πενία	τὸ ἐναντίον τοῦ πλούτου. πενίᾳ πένονται οἱ πένητες· ὁ δὲ πένης οὐ πολλὰ μὲν ἔχει ζῇ δ’ ἐὰν ἐργάζηται. οὐκ ἄρ’ ἂν εἴη πτωχὸς ὁ πένης.
πεντακότυλος	ὃς πέντε κοτύλας ἔχει ἐν ἑαυτῷ· ἡ δὲ κοτύλη = half-a-pint.
πεντηκόντορος	ναῦς ἔχουσα πεντήκοντα ἐρετμούς.
πεντόζος	ἔχων πέντε ὄζους· ἡ γὰρ χεὶρ πέντε δακτύλους ἔχει.
πέπλος	ἐσθής τις.
πέποιθα	πέπεισµαι, πιστεύω.
περαιτέρω	further. Superlative περαιτάτω.
πέρδῑξ	partridge
περί τι	around, near
περί τινος	about, concerning, beyond
περί τινι	rest about
περιάγω	ἕλκω κύκλῳ.
περιδέραιον	κόσµηµα τῆς δέρης ἢ τραχήλου.
περιδρύπτω	σπαράττω πᾶν τὸ σῶμα.
περίεργος	ἐν φροντίδι· μερίµνας ἔχων.
περιέσπασµαι πάντα	ἀφήρπασται πάντα µοι· ὅρα τὸ περισπῶ.
περιέχω	surround τὸ περιέχον ἔχει ἐν ἑαυτῷ τὸ περιεχόμενον.
περιλείχω	περιλείχουσιν οἱ κύνες ταῖς γλώτταις τὴν χεῖρα τοῦ δεσπότου· καὶ δὴ καὶ ὠτειλὰς περιλείχοι τις ἂν κύων.
περιμένω	µένω μέχρι τινὸς χρόνου.
περίµεστος	μεστὸς πανταχόθεν
πέριξ	κύκλῳ
περιπατῶ	walk about, πορεύοµαι ἔνθα καὶ ἔνθα,
περισπῶ	βίᾳ ἀφέλκω καὶ γυμνῶ, περιαιρῶ.
περισφίγγω	περιτείνω εὖ.
περιτρέπω	overturn
περιτρέχω	run round
περιττός	over and above; ἄριθμὸς περιττὸς ὁ εἷς καὶ οἱ τρεῖς καὶ οἱ τοιοῦτοι· ἄρτιος δ’ οἱ δύο καὶ οἱ λοιποί.
περιτυγχάνω	ἀπαντῶ, εὑρίσκω, καταλαμβάνω, ἀλλὰ τύχῃ.
Πέρσης	Μῆδος· τῆς Ἀσίας ἔθνος.
πέρυσι(ν)	τοῦ προτεραίου ἔτους.
πέτασος	ἐπὶ κεφαλῆς ἔπεστιν, ἵνα μὴ καίῃ ὁ ἥλιος.
πέτρᾱ	rock
πέτρος	stone
πεύκη	fir, pine
πήγνῡµι	fix. γάλα πεπηγµένον γίγνεται παχύ· τοῦτ’ οὐκέτι πίνοµεν ἀλλ’ ἐσθίομεν. ἐὰν δὲ πάνυ πήξῃς καὶ ἐμβάλῃς ὀπόν, τυρὸς ἤδη. πήγνυται δ’ αὖ τὸ ὕδωρ τοῦ χειμῶνος, καὶ κρύσταλλος γίγνεται.
πηλός	γῆ ὑγρά, κόνις βεβρεγμένη.
πήρᾱ	σάκκος
πηρίδιον	πήρα μικρά, σάκκος.
πῆχυς	cubit.
πῑαίνω	ποιῶ πίονα καὶ παχύν.
πιέζω	press, βαρύνω.
πίθηκος	ζῳον τοῦτ’ ἐστίν, ὅμοιόν πως ἀνθρώπῳ, αἰσχρὸν δέ.
πίθος	ἄγγος μέγα πήλινον, ἐν ᾧ οἶνος σῴζεται.
πῖλος	felt
πίµπληµι	πλήρη ποιῶ, πληρῶ
πινάκιον	tablet, board
πίναξ	ξυλὸν πλατὺ καὶ λεῖον. πίνακές εἰσι καὶ οἱ τοῖχοι τῶν νεῶν. ἀνετίθεσαν δὲ πίνακας οἱ ὑγιεῖς γενόμενοι ἐκ νόσου· ἐν δὲ τῷ πίνακι ἂν εἴη ζῳγραφία ἢ ἐπιγραφή.
πίνω	drink. πίνοµεν ποτά, οἶνόν τε καὶ γάλα καὶ ὕδωρ.
πιστεύω	πίστιν ἔχω, πέποιθα νοµίζω ἀληθῆ εἶναι.
Πιττακὸς	τύραννος τῆς Μυτιλήνης, καὶ εἷς τῶν ἑπτὰ σοφῶν.
πίων	παχύς, πλούσιος.
πλακοῦς	cake
πλανῶμαι	ἐκ τῆς ὁδοῦ πορείομαι, πορεύοµαι εἰκῆ, κατὰ τύχην.
Πλαταιαὶ	πόλις ἐστὶ τῆς Βοιωτίας, φίλη δὲ ταῖς Ἀθήναις καὶ σύμμαχος.
πλατύς	εὐρύς, οὐ στενός.
πλέθρον	µέτρον ἀρούρας ἑκατὸν ποδῶν.
πλειάς	Pleiad
πλέκω	weave
πλεονέκτης	τοιοῦτός τίς ἐστιν, ἐὰν πλεονεκτῇ· τοῦτ’ ἐστίν, ἐὰν πειρᾶται αἰεὶ πλέον ἔχειν τῶν ἄλλων. καὶ αὕτη πλεονεξία, κακὸν δὴ πρᾶγμα.
πλέω	πλεῖ τὸ πλοῖον κατὰ θάλατταν.
πληγή	blow
πλῆθός	ἐστιν ὑδάτων, ὅταν ὕδωρ πολὺ ᾖ· λέγοις δ’ ἂν καὶ ἀνθρώπων πλῆθος τοὺς πολλούς.
πληθύω	πλήρης γίγνομαι.
πλήν τινος	except.
πλήρης	µεστός· τὸ κενόν ἐστιν ἐναντίον τῷ πλήρει, ὅταν τι πλήσῇς, γίγνεται πλῆρες, καὶ πεπλησµένον ἐστὶν ἤδη.
πληρῶ	πλῆρες ποιῶ τι.
πλήρωμα	τῆς νεώς· οἱ ναῦται οὐ πληροῦντες αὐτήν.
πλοῖον	ἄκατος, ἀκάτιον, ναῦς· ὅ τι πλεῖ.
πλοκή	συμπλοκὴ σωμάτων, λαβὴ χειρῶν καὶ ποδῶν.
πλοῦς	ὅπερ ὁδὸς ἐν τῇ γῇ, τοῦτο πλοῦς ἐν θαλάττῃ. πλέουσι γάρ.
πλούσιος	rich
πλοῦτος	wealth πλούτῳ πλουτοῦσιν οἱ πλούσιοι· πλοῦτος τοὺς πλουσίους πλουτίζει.
πλύνω	λούω· καὶ κατὰ µεταφοράν, λοιδορῶ ἢ μέμφομαι λόγοις χαλεποῖς.
πλώιμος	ἐστι ποταμός, ἐν ᾧ ἂν πλεῖν δυνώμεθα· πλώιμα δ’ ἐστὶν ἐὰν πλεῖν δυνώµεθα ὁπουδήποτε.
πνεῦμα	ἄνεμος. ἔχουσι πνεῦµα καὶ οἱ ἄνθρωτοι πνέοντες.
πνέω	φυσῶ. πνεῖ καὶ φυσᾷ ἢ ἄνεμος ἢ ἄνθρωπος.
πνῖγος	τὰ πνίγη ἐστὶ καύματα μέγιστα ἄνευ ἀνέμου.
πνίγω	πνίγονται τῇ θαλάττῃ οἱ καταδύντες· πνίγονται δ’ ἐν ἀέρι καὶ οἱ ἰχθύες.
πόα	grass, βοτάνη
ποδώκης	πόδας ὠκύς· δεινὸς τρέχειν.
ποιητής	poet. οἱ ποιηταὶ ποιοῦσι ποιήµατα μετὰ τῶν Mουσῶν.
ποικίλος	παντοῖoς
ποιµαίνω	ποιµήν εἰμι, νέµω ποίμνην.
ποιμενικός	τῶν ποιμένων
ποιμὴν	ποιµαίνει τὰ πρόβατα
ποινή	οἱ ἀδικοῦντες ἢ ἁμαρτόντες ποινὴν διδόασιν.
ποῖος	of what kind
ποιῶ	make, do; συγγράφω ποιήματα. εὖ ποιῶ, κακῶς ποιῶ τινα.
πολεμικός	τοῦ πολέμου.
πολέμιοι	εἰσιν οἱ ἐν πολέμῳ ὄντες· εἰ δὲ µή, φίλοι.
πόλεμος	war. ἐν ἑνὶ πολέμῳ πολλαὶ µάχαι· πολεμοῦσι δ’ οἱ στρατιῶται.
πολιός	λευκός.
πολιτείᾱ	τρόπος τοῦ πολιτεύειν· οἰκονομία πολιτῶν· κατὰ τὴν πολιτείαν οἰκεῖται ἡ πόλις.
πολλάκις	often
πολυμήχανος	ἔχων πολλὰς μηχανὰς καὶ τέχνας, εὔπορος.
πολυτελής	ἄξιος πολλῆς τιμῆς.
πομπή	procession
πονηρός	κακός
πόπανον	cake
ποππύζω	οὕτω ποππύζοµεν· κλῄσαντες γὰρ τὸ στόμα, πλὴν ὀλίγης ὀπῆς, ἀφίεμεν τὸ πνεῦμα, τοῦτο δὲ ποιοῦντες καλοῦμεν τοὺς κύνας.
πορεύοµαι	ὁδὸν ποιοῦμαι, ὁδοιπορῶ, περιπατῶ.
πορθµός	ἐστι στένη θάλαττα μεταξὺ νήσου τε καὶ ἠπείρου.
πόρρω	onwards, further
πορφυρεὺς	ἁλιεύει τὴν πορφύραν· αὕτη δ’ ἐστὶν ὥσπερ στρόμβος µικρότατος, ὅμοιος τούτῳ ὅστις ἔρπει ἐπὶ τὴν γῆν, ἔχων τὴν οἰκίαν ἐπὶ νώτου· λέγεται δὲ ὁ στρόµβος φερέοικος. ἐκ δὲ τῆς πορφύρας ποιοῦσι χρῶμα πορφύρεον, ᾧ βάπτουσι τὰς ἐσθῆτας.
Ποσειδεών	December
Ποσειδών	θεὸς τῆς θαλάττης καὶ ἀδελφὸς Διός τε καὶ Ἅιδου.
ποτάμιος	τοῦ ποταμοῦ· οἰκῶν ἐν ποταμοῖς.
πότερον...ἢ	whether...or
ποτήριον	πίνοµεν ἐκ ποτηρίων.
πότος	τὸ πίνειν.
που	somewhere, methinks, no doubt.
πρᾶος	ἥμερος
πράσινος	πρασίνη δὴ τὸ χρῶμα ἡ πόα, καὶ τὰ τῶν δένδρων φύλλα.
πράττω εὖ	διάκειµαι εὖ, ἀγαθῇ τύχῃ χρῶμαι.
πρέπει	it is fitting
πρέσβυς	envoy, γέρων. πρεσβύτατος· γεραίτατος.
πρεσβύτης	πρέσβυς, γεραιός, γέρων.
πρίν	πρότερον, πρὸ τοῦ.
πρῑών	ὄργανον σιδηροῦν ὀδόντας ἔχον, ᾧ πρίουσι ξύλα.
πρό τινος	before
προαποπνίγω	φθάνω πνίξας· ὁ ἐν πόντῳ ἀποθανὼν κατεπνίγη· προαποπνίγεται δὲ ὁ πρότερον καταδύς.
πρόβατον	sheep
προβοσκίς	χεὶρ τοῦ ἐλέφαντος.
πρόγονος	πάππος, πρόπαππος· οἱ πρόγονοί εἰσι πατέρες πατέρων.
προδίδωμι	ἀπατῶν τις προδίδωσι τοὺς φίλους τοῖς πολεμίοις, ὢν προδότης.
πρόδοµος	verandah, open roofed space before the house door.
προερέττω	πόρρω ἐρέττω.
πρόθῡμα	τὸ πρὸ τῆς κυρίας θυσίας θῦμα διδόµενον.
προθῦμίᾱ	eagerness. οἱ πρόθυµοι προθυμοῦνται.
πρόθῡμος	ἑκούσιος, καὶ εὔθυµος ὤν, οὐκ ἄθυμος, χρώµενος προθυµίᾳ· προθυµούμενος.
προίηµι	ἀποβάλλω.
προῖκα	δωρεάν, ἄνευ τιμῆς καὶ ὤνου καὶ μισθοῦ.
προκυκλῶ	κυλινδῶ ὥσπερ κύκλον
προκύπτω	ἐκκύπτω ἐξωθῶν τὴν κεφαλήν.
προνοία	μέριμνα καὶ φροντὶς τοῦ μέλλοντος.
προπέρυσι(ν)	τρίτον ἔτος
προπίνω	οἱ συµπίνοντες προπίνουσιν ἀλλήλοις πόλλ’ ἀγαθὰ εὐχόμενοι.
πρόπολος	οἰκέτης τοῦ ἱεροῦ.
πρός τι	towards
πρός τινος	from. πρὸς θεῶν = in God's name
πρός τινι	near, besides
προσάπτω	ἐξάπτω, συζεύγνυμι.
προσδακρύω	δακρύω πρὸς τούτοις
προσδεῖ	δεῖ πρὸς τούτοις ἄλλο.
προσερείδω	προσκλίνω
προσκαλῶ	προσκαλοίη τις ἂν ἐπὶ δεῖπνον.
προσκυνῶ	worship, properly a gesture of kissing the hand and then holding it out palm upwards.
πρόσοδος, ἡ	income
προσορµίζω	ναῦν· ἄγω ἢ ἐλαύνω πρὸς ὅρμον.
προσπόλος	ἀκόλουθος, οἰκέτης.
πρόσωπον	face
πρότονος	κάλως τῆς νεώς, ὃς βεβαιοῖ τὸν ἱστόν.
προὔβαινε	προέβαινε.
προὔπεμψαν	προέπεμψαν.
προχωρῶ	βαίνω πρὸς τὸ ἔμπροσθεν.
πρύμνα	τὸ ὄπισθε µέρος τῆς νεώς, ἐφ’ ἧς ὁ κυβερνήτης.
πρυμνήσιον	κάλως τῆς πρύμνης.
πρυτανεῖον	town-hall; οἴκημα ἐν ᾧ οἱ πρυτάνεις τε ἐδείπνουν καὶ οἱ δημόσιοι ξένοι.
πρωΐ	early
πρῴρα	τὸ πρόσθε µέρος τῆς νεώς.
πρῶτος	first
πτελέᾱ	elm
πτερίς	fern
πτερόν	feather. οἱ ὄρνιθες φύουσι πτερά.
πτέρυξ	πτέρυγας ἔχοντες οἱ ὄρνιθες πέτονται.
πτερωτός	πτερὰ ἔχων.
πτύω	spit, πτύουσιν οἱ βασκαινόμενοι.
πτῶμα	γίγνεται ἐπειδὰν πέσῃς.
πτωχός	ὁ μηδὲν μὲν ἔχων, αἰτῶν δὲ ἄλλους· οὗτοι πτωχεύουσιν.
πύελος	trough, tub. ἐκ τῆς πυέλου τρώγουσιν οἱ χοῖροι.
Πυθίᾱ	ἱέρεια τοῦ ἐν Δελφοῖς Ἀπόλλωνος· ἐκαλεῖτο δ’ ὁ τόπος καὶ Πυθώ.
πυθµήν	τὸ κάτω, τὸ ἔδάφος τοῦ ποτηρίου.
πύκτης	πυκτεύει παίων τοῖς κονδύλοις· οἱ δὲ κόνδυλοι ἔξω τῆς χειρός.
πύλαι	οὗ εἴσοδος τῆς αὐλῆς.
πυνθάνοµαι	µανθάνω ἀκούσας.
πῦρ	fire. καίοµεν ἢ ἅπτομεν πῦρ, καίει δὲ τὸ πῦρ ἡμᾶς.
πυρεῖα	ξύλα οἷς καίεται τὸ πῦρ· καίουσι δὲ ἕτερον ξύλον δινοῦντες ἐν ἑτέρῳ.
πυρέττω	πυρετῷ νοσῶ· ὁ δὲ πυρετὸς νόσος ἐστὶ θερμὸς ὡς τὸ πῦρ.
πύρινος	πύρνος· τοῖς πυροῖς ποιοῦμεν τὰ πύρινα.
πύρνα	wheat-cakes
πυρσεύειν	καίεν πυρὰ ἐπὶ τοῖς ὄρεσιν.
πυρώδης	μεστὸς πυρός, ὥσπερ πῦρ,
πώγων	αἱ ὑπὸ τοῦ στόματος τρίχες, αἱ ἐπὶ τοῦ γενείου.
πωλῶ	sell. πωλεῖ ὁ πωλητὴς ἐν τῇ ἀγορᾷ· λέγεται δὲ κάπηλος ὁ κατὰ δήµους πωλῶν.
ῥάβδος	βακτηρία, ξύλον.
ῥάδιος	οὐ χαλεπός, easy.
ῥαιβός	κυρτός
ῥάκος	rag
ῥαπίζω	παίω
ῥάπτω	sew. ῥάπτουσιν αἱ γυναῖκες λίνον ἔχουσαι καὶ βελόνην.
ῥᾱχίᾱ	πετρώδης αἰγιαλός, οὗπερ ῥήγνυται τὰ κύματα τῆς θαλάττης.
ῥαχίζω	πείρω διὰ τῆς ῥάχεως.
ῥάχις	spine
ῥαψῳδός	οἱ ῥαψῳδοὶ λέγουσι ποιήματα ἀπὸ στόματος, καὶ ἄνευ βιβλίων. οὐκ οἶδα διὰ τί οὕτως ὀνομάζονται.
ῥεῦμα	ποταμός, τὸ ῥέον.
ῥέω	flow. ῥεῖ πολὺς ὁ ποταμὸς πολλοῦ ὄντος τοῦ ὕδατος.
ῥήτωρ	ὁ λέγων ἐν ἀγορᾷ.
ῥῑγῶ	ψυχρός εἰμι νοσῶν καὶ τρέµω· τοῦτο πάσχουσιν οἱ πυρέττοντες.
ῥῑνηλατῶ	ὁ κύων ῥινηλατεῖ, ζητῶν τὴν θήραν τῇ ῥινὶ ὀσφραινόμενος.
ῥίπτω	βάλλω
ῥοθιάς	κλύδωνας ἢ ἀφρὸν ποιοῦσα.
ῥόθος	ψόφος
ῥοῦς	ῥεῦμα. κατὰ ῥοῦν· μετὰ τοῦ ῥεύματος.
ῥύᾱξ	ὥσπερ ῥεῦμα ἢ ποταμός.
ῥυγχίον	beak. ὅπερ τῷ ἀνθρώπῳ τὸ στόμα, τοῦτο τῷ ὄρνιθι τὸ ῥυγχίον.
ῥύγχος	ῥυγχίον.
ῥυθμός	τάξις μέλους καὶ ᾠδῆς.
ῥυτήρ	ἡνία· ἱμὰς ᾧ ἵππους ἰθύνουσιν.
Σαλαμίς	νῆσος πλησίον τῆς Ἀττικῆς, μεταξὺ δὲ τῆς τ’ Ἀττικῆς καὶ τῆς Σαλαμῖνος ἐγένετο ἡ τοῦ Ξέρξου ναυμαχία.
σάνδαλα	πέδιλα, ὑποδήματα.
Σάρδεις	αἱ Σάρδεις ἦσαν πόλις μεγίστη τῆς Λυδίας· ἐν δὲ ταῖς Σάρδεσι Κροῖσος ἐβασίλευεν.
σαῦλος	waddling
σαύρᾱ	ἑρπετὸν ὁμοῖον μὲν κροκοδείλῳ, μικρὸν δέ.
σάφα	σαφῶς.
σβέννῡμι	σβεννύασι φῶς μὲν πνέοντες, δίψαν δὲ πίνοντες. τοῦ μὲν φάους ἐσβεσμένου σκότος έπιγίγνεται· τῆς δὲ δίψης ἐσβεσμένης οὐκέτι διψῇ τις, ἀλλ’ ἄδην ἔχει.
σέβω	σέβοµεν τοὺς θεούς· οἱ μὲν θεοὺς σέβοντες εὐσεβεῖς, οἱ δὲ μὴ σέβοντες ἀσεβεῖς.
Σειληνός	ὄνομα ἑνὸς τῶν ἀμφὶ Διόνυσον· ἦν δὲ αἰσχρός τις σιμὸς ὢν καὶ φαλακρός, παχύς τε καὶ µεθυστικός τις.
σειραφόρος	ἵππος ἕλκων διὰ σειρᾶς, ἥπερ ἐστὶν ἱμάς.
σείω	shake.
σελήνη	moon. φέγγει ἡ σελήνη κατὰ νύκτα.
σέλινον	parsley.
σεµνός	solemn. σεµνύνεται δ’ ὁ σεµνός, σεμνὸν πλάσας τὸ σχῆμα καὶ τὴν ὄψιν.
σεμνύνομαι	σεμνὸς καὶ γαῦρος φαίνομαι.
σηκός	σταθμὸς τῶν προβάτων.
σῖγα	silently (used also as a command)
σῑγῶ	σιωπῶ
σίδηρος	iron
σιδηροῦς	made of iron
σίμβλος	οἰκίσκος μελιττῶν, ἐν ᾧ τὸ μέλι σῴζεται καὶ θησαυρίζεται.
σῑμός	ῥῖνα ἔχων ἀνατετραμµένην καὶ ἄνω βλέπουσαν.
σῑμῶ	κυρτῶ
σῑρός	ὄρυγμά τι ἐν ᾧ σῖτος κατατίθεται.
σισύρᾱ	χλαῖνα παχεῖα βουκόλου, τριχῶν αἰγείων πεπλεγµένη.
σῑταγωγός	ἐστι ναῦς, ἐὰν σῖτον ἔχῃ καὶ ἄγῃ, τὸ φορτίον.
σῑτάριον	ὀλίγος σῖτος.
σῖτος	πυροὶ καὶ κριθαὶ καὶ τὰ τοιαῦτα.
σιωπῶ	σιγῶ, οὐδὲν λέγω. σιγᾷ καὶ σιωπᾷ ὁ σιωπηλός.
σκάπτω	dig.
σκάφη	ἐν ᾗ λούοµεν παιδία.
σκάφος	ἡ ναῦς πλὴν ἱστίων καὶ ὅπλων.
σκελίς	µέρος τοῦ σκέλoυς ἡ σκελίς.
σκέλος	δύο ἔχομεν ἕκαντος σκέλει, τὸ δ’ ἄκρον τοῦ σκέλους πούς ἐστιν. σκεπάζω περικαλύπτω.
σκέπη	στέγος.
σκεῦος	χρῆμα, ἄγγος· πᾶν τὸ ἐσκευασμένον.
σκῆπτρον	ξύλον ἐστι καὶ βακτηρία, ᾗ χρῶνται οἱ ἄνθρωποι ἐν ὁδῷ, γέροντες δὲ µάλιστα. ὁ γὰρ γέρων τρίπους λέγεται, ἔχων δύο πόδας καὶ ἓν σκῆπτρον. σημεῖον δ’ ἐστὶ τοῦ βασιλέως τὸ σκῆπτρον.
σκιά	shade. σκιά ἐστιν ὑπὸ τῶν δένδρων· αἱ δὲ γυναῖκες σκιάδεια φέρουσιν ἵνα σκιὰν ἔχωσιν.
σκίρτηµα	σκιρτᾳ ζῷον ὅταν πηδᾷ καὶ παίζῃ.
σκληρός	hard, οὐ µαλακός.
σκόλιον	ᾆσμα πινόντων.
σκοπῶ	βλέπω, ἐξετάζω.
σκοτεινός	μετὰ σκότου, ἄνευ φάους· ἡμέρα μὲν ἀπόντος ἡλίου σκοτεινή, νὺξ δ’ ἀπούσης σελήνης.
σκυθρωπός	οὐχ ἱλαρὸν πρόσωπον ἔχοντα.
σκῦτος	thong, strip.
σκώπτω	γελωτοποιῶ, γελῶ καὶ ποιῶ ἄλλους γελᾶν.
σοβῶ	φοβῶ κύνας καὶ μυίας καὶ τοιαῦτα, συγκροτήσας τὰς χεῖρας καὶ βοῶν.
Σολόεις	ἀκρωτήριον Λιβύης.
σοφός	wise. σοφίαν ἔχει ὁ σοφός, μωρίων δ’ ὁ µωρός, καὶ ἁμαθίαν ὁ ἀμαθής.
σπάνιος	οὐ πολύς.
σπαράττω	tear
σπάργανα	swaddlings. καθελίττουσι τὸ βρέφος σπαργάνοις.
Σπαρτιάτης	πολίτης τῆς Σπάρτης γενναῖος ὤν.
σπείρω	sow. ὁ σπορεὺς σπείρει σπέρματα ἐν τῇ γῇ.
σπένδω	λείβω, σπονδὴν ποιοῦμαι.
σπέρμα	ὅπερ σπείρεται.
σπλάγχνα	τα ἔντερα, τὰ ἔνδον τοῦ σώματος.
σπορεὺς	σπείρει
σπουδαῖος	μέγας
στάδιον	stadion; unit of distance equal to roughly 185 metres
σταθμός	ὅπου ἵσταται τὰ ζῷα· οἰκίσκος ἢ αὐλή, στέγος.
στασιάζομαι	στάσιν ποιοῦμαι. στάσις δὲ γίγνεται ἐὰν οἱ πολῖται ἄλλοι ἄλλα φρονῶσι, καὶ µάχωνται διὰ ταῦτα. ἐστι γὰρ ὥσπερ πόλεμος ἐμφύλιος.
σταφυλή	cluster (of grapes).
στάχυς	ear of corn.
στέαρ, στέᾱτος	τὸ παχὺ τῆς σαρκός· δηµός.
στέγη	roof. ἡ στέγη ἐστὶ τὸ ἄνωθε τῆς οἰκίας.
στέλεχος	stump
στέλλω	arrange, στέλλονται τὰ ἱστία οἱ ναῦται ὅταν τέλος ᾖ τοῦ πλοῦ.
στενός	narrow, οὐκ εὐρύς.
στενοχωρίᾱ	στενὴ χώρα.
στένω	ἀλγῶν τις στένει, φθόγγον ποιούμενος· ἡ δὲ φάττα ᾄδει οὕτως οἰκτρῶς.
στεφανίσκος	στέφανος μικρός.
στεφανῶ	ἐπιτίθημι στέφανον.
στήλη	pillar.
στιβάς	σάκκος πλήρης καλάμης ἐφ’ οὗ καθεύδουσιν.
στῖγμα	σημεῖον ἐν τῷ χρωτί, ἢ μάστιγος ἢ καύµατος. στίγµατα εἶχον οἱ δοῦλοι µαστιγωθέντες.
στίχος	row
στοιχηδόν	κατὰ στοῖχον, ἐν τάξει, τεταγμένοι.
στολή	ἐσθής, κόσμος.
στόλος	σύλλογος νεῶν· νεὼς δὲ στόλος ἐστὶν ἡ πρῷρα, τὸ ἔμπροσθε µέρος.
στοχάζοµαι	τεκμηρίοις χρώμενος λέγω ὅ τι νομίζω. ὥσπερ γὰρ οἱ τοξόται σκοποῦ στοχάζονται, ἀφιέντες τὰ τόξα, οὕτω καὶ ἐννοούμενοι τὰ τεκµήρια στοχαζόµεθα τοῦ ἀληθοῦς.
στράτευμα	στρατιά, στρατός.
στρατεύοµαι	ἔξειμι ἐπὶ στρατιάν, στρατιώτης ὤν.
στρατιώτης	soldier. στρατεύονται οἱ στρατιῶται ἐν στρατιᾷ ὄντες· σύλλογον δὲ στρατιωτῶν λέγομεν στρατὸν ἢ στρατιάν.
στρατός	οἱ στρατιῶται.
στρέφω	twist
στρογγύλος	στρογγύλη ἐστὶν ἡ σφαῖρα, στρογγύλος δ’ ὁ κύκλος.
στρώννῡμι, στρώσω, ἔστρωσα	strew.
στῦλος	a metal pen for scratching on wax.
συβώτης	φύλαξ συῶν.
συγγνώμη	pardon, excuse. συγγνώμην ἔχω, συγγιγνώσκων τινί.
σύγκειµαι	ἐὰν συνθῶ πολλά, συντέθηταί τε καὶ σύγκειται.
συγκολλῶ	glue. κολλᾷ τις κολλήµατι.
συγκροτῶ	συγκροτεῖ τις τὰς χείρας, συµβάλλων μετὰ ψόφου. ἐπαίνου δὴ σημεῖον τοῦτο.
συγχαίρω τινί	ἐὰν χαίρω μετ’ αὐτοῦ χαίροντος.
συζεύγνῡμι	συνάπτω, συναρμόζω.
σῡκῆ	δένδρον ὃ φέρει σῦκα.
σῦκον	fig. φέρει σῦκα ἡ συκῆ.
σῡκοφαντῶ	ἀδίκως κατηγορῶ συκοφάντης ὤν.
συλλέγω	collect, συναγείρω.
συμβαίνει	γίγνεται.
σύμβολον	σημεῖον.
συµβουλεύω	βουλὴν δίδωµι. συμβουλεύονται δ’ ἄνθρωποι αὐτοὶ ἑαυτοῖς, ἐν συλλόγῳ.
σύμμαχος	οἱ σύμμαχοι φίλοι εἰσὶν ἐν πολέμῳ, πολεμοῦσι δ’ ὁμοῦ· συμμαχοῦσι, συµµαχίαν ἔχουσιν.
σύμμεικτος	μεμειγμένος· παντοῖοι ὅμου ἐστὶν ὄχλος σύμµεικτος.
συµποσίαρχος	ἄρχων συµποσίου, ὃς καὶ τίθησι νόµους τοῦ πίνειν ὥσπερ νοµοθέτης.
συµπόσιον	γίγνεται συµπινόντων τινῶν.
συµπότης	ὁ συµπίνων ἐν συμποσίῳ
συμφορά	τὸ γιγνόμενον
σύν τινι	with
συναρτῶ	ζεύγνυμι.
συνέβη	ἐγένετο.
συνειργµένον	συγκεκληµένον.
συνεµβολὴ	κωπῶν· ὅταν αἱ κωπαὶ ἅμα ἐμβάλλωνται εἰς τὸ ὕδωρ.
συνεχής	οὐδὲν παυόµενος, ἄνευ µεταλλαγῆς.
συνήθης	γνώριμος, φίλος.
συνήνεγκε	συνέβη.
σύνθημα	συμφωνία· συνθήκη· παρασκευή. οἱ µηχανησάµενοί τι ποιοῦσιν ἐκ συνθήµατος αὐτό.
συνθραύω	θραύω παντελῶς.
συνίηµι	καταμανθάνω, καταλαμβάνω ἐν νῷ, κάτοιδα.
σύννους	ἐν φροντίδι, διαλογιζόμενος.
σύνοίδα	ἐάν τις εἰδῇ ὃ μὴ ἴσασιν ἄλλοι, σύνοιδεν ἑαυτῷ· ἐὰν δὲ καὶ ἄλλος τις, σύνοιδε καὶ τούτῳ καὶ ἑαυτῷ, ὁ δ’ αὐτῷ σύνοιδεν.
συντείνω	μένω, διατελῶ µένων.
συντρέχω	συντρέχουσι πολλοὶ εἰς ἕνα τόπον.
συνωνοῦμαι	ἀγοράζοντες συλλέγουσιν.
συνωρὶς πωλική	ζεῦγος πώλων, ἵππων.
σύριγμα	φθόγγος σύριγγος, συριγµός.
σῦριγξ	ὄργαιον τῆς µουσικῆς· ἐστι δ’ ὁμιλία αὐλῶν συνδεδεµένων.
σῡρίζω	σύριγγι καὶ καλάµοις· φθόγγον φθέγγοµαι ὀξύν.
συρράπτω	ῥάπτω πολλὰ ὥστε ἓν γενέσθαι.
σῦς	χοῖρος· ὗς. ἔστι δὲ καὶ ἄγριος ὁ σῦς.
σύσκιος	σκιὰν ἔχων.
συσπῶ	συνέλκω· συσπᾷ τις τὰς ὄφρυας ῥυτίδας ποιῶν ἐν τῷ µετώπῳ.
συστρατεύοµαι	στρατιώτης εἰμὶ μετ’ ἄλλων.
συφεός	σταθμὸς συῶν.
συχνός	πολύς
σφάζω	ἀποκτείνω µαχαίρᾳ.
σφήξ	ἐστιν ὁμοῖος τῇ µελίττῃ, ἀλλ’ ἐχθρὸς τοῖς ἀνθρώποις.
σφοδρός	ἰσχυρός.
σφριγῶ	swell
σχεδόν	almost, pretty well.
σχῆμα	ὄψις· ὡς διάκεινται τοῖς βλέπονσιν.
σχοινίον	λίνου μὲν παχύτερον, κάλω δὲ λεπτότερον.
σχολάζω	σχολὴν ἔχω, ὥστε μεταχειρίζω τι χρῆμα.
σχολή	ἔργου μὴ παρόντος, σχολὴ ἤδη.
σῴζω	save, keep.
ταδί	τάδε, ἃ ὁρᾷς.
ταινίᾱ	ribbon, bandage.
τάλαντον	talent. ἔχει τὸ τάλαντον μνᾶς ἐξήκοντα καὶ ἐξακισχιλίας δραχµάς.
τάλας	κακοδαίµων, ταλαίπωρος.
ταµίᾱς	official, paymaster, steward. ταμιεύει ὁ ταμίας.
ταμιεύω	ὁ ταµίας ταμιεύει.
τάν	ὦ τάν, my dear fellow.
ταξίαρχος	ἄρχων ἱππέων.
ταπεινός	οὐχ ὑψηλός.
ταράττω	φοβῶ, εἰς ταραχὴν καθίστηµι.
Τάρταρος	τόπος ἐστὶν ἐν Ἅιδου, ὑπὸ γῆς, ἐν ᾧ κεῖνται οἱ πονηροί.
ταυρηδόν	ὥσπερ ταῦρος.
ταῦτ’ ἄρα	διὰ ταῦτα οὖν.
ταχέως	quickly
τάχος	ταχύτης. λέγομεν δὲ καὶ ταχέως καὶ κατὰ τάχος καὶ σὺν τάχει καὶ διὰ τάχους.
τε...καὶ	both...and. Also καὶ...καί.
τέθριππον	ἅρμα ἵππων τεττάρων.
τείνω	stretch
τεῖχος	wall. τείχη μὲν πόλις ἔχει, τοίχους δ’ οἰκία, καὶ κῆπος ἔχει αἱμασίας.
τέκνον	child, παιδίον, παῖς. τέκνα τίκτει µήτηρ.
τεκταίνοµαι	μηχανῶμαι, ποιῶ.
τέκτων	οἱ τέκτονες ποιοῦσι ξύλινα χρήματα, ἕπιπλα καὶ τὰ τοιαῦτα, καὶ δὴ καὶ ναῦς ναυπηγοῦσι καὶ οἰκίας οἰκοδομοῦσιν.
τελευταῖος	τελευτᾷ καὶ δὴ τέλος ἐστίν.
τελευτή	end, τέλος τὸ δ’ ἐναντίον, ἀρχή.
τελευτῶ	τελευτὴν ποιοῦμαι, τελευτᾷ δὲ καὶ ὁ ἀποθανών, τὸν βίον δῆθεν τελευτήσας.
τέλσον	ὄγμου τέρμα.
τελῶ	τελευτῶ, τέλος ποιῶ. οἱ τελοῦντες τελευτῶσιν. καὶ δὴ καὶ ἀποδίδωμι τέλη τῇ πόλει. τελῶ δ’ ἐς ἄνδρας ὅταν ἀνὴρ ὢν τελῶ ἤδη τὰ τέλη.
τέμενος	ἱερὸς τόπος ἐν ᾧ θεὸς οἰκεῖ.
τέµνω	τέμνοι τις ἂν µαχαίρᾳ ἢ ἄλλῳ τινὶ ὀξεῖ ὀργάνῳ διασχίζων.
τέρας	θαύματα δὴ τὰ τέρατα.
τερπνός	ὃς ἂν τέρπῃ, τοῦτον τερπνὸν καλοῦμεν.
τέρπω	τέρψιν δίδωµι· τέρπομαι = τέρψιν ἔχω.
τεταρτηµόριον	ἂν εἴη τέταρτον µέρος τοῦ ὀβολοῦ, πάνυ μικρὸν νόµισµα. κέρματα δὲ ὀνομάζεται τὰ μικρά.
τέταται	ὅρα τὸ τείνω.
τετράδραχµον	νόμισμα τεττάρων δραχμῶν.
τετραίνω	ἐμποιῶ τρῆμα.
τετράπους	τέτταρας πόδας ἔχων.
τετράτρυφος	ἔχων δύο γραµμὰς ἐγκαρσίας ἀλλήλαιν, ὥσπερ τὰς κύκλου τετρακνήµου κνημῖδας.
τέττῑξ	cicada
τεχθείς	γενόμενος,
τέχνη	art or craft. ὁ τεχνίτης τέχνῃ χρῆται, οὐδ’ ἄτεχνός ἐστιν.
τέως	μέχρι τούτου.
τῇ μὲν...τῇ δέ	ἑτέρωθεν.
τῇδε	ταύτῃ τῇ ὁδῷ.
τηλικοῦτος	τοσοῦτος, ταύτης τῆς ἡλικίας ὤν.
τήµερον	ταύτῃ τῇ ἡμέρᾳ. τῇ μὲν προτεραίᾳ, χθές· τῇ δ’ ὑστεραίᾳ, αὔριον.
τηνικαῦτα	τότε δή.
τηρῶ	φυλάττω.
τῆτες	τοῦ παρόντος ἔτους.
τίκτω	produce, bring forth. ἡ µήτηρ τίκτει τέκνα, ἡ δ’ ὄρνις ᾠά.
τίλλω	σπῶ
τῑµή	ὦνος. τίµιον δ’ ἐστὶν ἄλλα τε καὶ τὰ μεγάλου ὤνου πιπρασκόµενα.
τῑμωρία	τίσις· τὸ τιμωρεῖσθαι, τὸ τίνεσθαι. ὁ δ’ ἀδικηθεὶς τιµωρίαν λαμβάνει.
τῑμωρῶ	τινα ἁμαρτίας, ὅταν ποινὰς λάβω ἀπ’ αὐτοῦ· τιμωροῦμαι δέ, ἐὰν ἐμοί τι διαφέρῃ.
τίνω	ἐὰν μὲν ἀγοράζωμεν, τίνοµεν τὸν ὦνον· ἐὰν δὲ ἀδικῶμεν, τίνοµεν δίκην· ὁ δ’ ἀδικηθεὶς τίνεται τὸν ἀδικοῦντα.
τίτθη	τροφός
τιτρώσκω	wound.
τοι	you known (enclitic).
τοιόσδε	what follows, such as follows.
τοιοῦτος, τοιαύτη, τοιοῦτο	such.
τοῖχος	wall. ἔχει δ’ οἰκία μὲν τοῖχον, πόλις δὲ τεῖχος, καὶ δὴ καὶ κῆπος αἱμασίαν.
τολμηρός	τόλµαν έχων, τόλµῃ χρώµενος· τολμᾷ δ’ ὁ τοιοῦτος, ἀνδρεῖος ὤν.
τολμῶ	θαρσῶ ὥστε ποιεῖν, καρτερῶ. τολμᾷ τις ὢν τολµηρός.
τομή	τὸ τέμνειν.
τόνος	ἐὰν ἐντείνωμέν τι, οὗτός ἐστι τόνος.
τόπος	place, χώρα, μοῖρα τῆς γῆς, µέρος τῆς γῆς.
τοὔνομα	τὸ ὄνομα.
τοὐντεῦθεν	τὸ ἐντεῦθεν. ἐξ ἐκείνου τοῦ τόπου.
τοῦτο μὲν...τοῦτο δέ	on the one hand...on the other hand.
τράγειος	τοῦ τράγου.
τραγικός	ὥσπερ τοῦ τράγου.
τράγος	αἲξ ἄρρην.
τράπεζα	table; hence counter, bank
τραπεζίτης	οἱ τραπεζῖται τραπέζας καθιστᾶσι πρὸς τὸ δανείζειν χρήµατα ἐπὶ τόκῳ.
τραῦµα	ὠτειλή, σπάραγµα· τραυματισθεὶς δέ τις τραυµατίας ἐστίν.
τραυματίᾱς	wounded man. ὁ τραυµατισθείς, ὁ τετραυµατισµένος.
τρᾱχύς	οὐ λειός.
τρέπω	turn. ὁ μὲν τρέπει τινά, ὁ δὲ τρέπεται.
τρέφω	feed, rear, τροφὴν δίδωμι. τρέφοµεν καὶ τὰ ζῷα τὰ ἥμερα καὶ δὴ καὶ τοὺς παῖδας καὶ τοὺς οἰκέτας.
τρήσας	τρήµατα ποιήσας. ὅρα τὸ τετραίνω,
τριᾱκάς	ἀριθμὸς τῶν τριάκοντα.
τριβώνιον	ἐσθὴς ὥσπερ χλαῖνα, ἀλλ’ οὐχ οὕτω παχεῖα οὖσα.
τριήραρχoς	ἄρχων τῆς τριήρους
τριήρης	trireme
τρίπους	τρεῖς πόδας ἔχων.
τρισκατάρᾱτος	thrice-accursed.
τρισχίλιοι	3000
τριταῖος	τρίτῃ ἡμέρᾳ.
τριτηµόριον	νόµισµά ἐστι, τρίτον ὄν µέρος τοῦ ὀβολοῦ.
τρίτος	ἐστὶν ὁ μετὰ τὸν δεύτερον.
τριώβολον	ἔχει τρεῖς ὀβολούς.
τροπή	εἴ τις τρέποιτο, τροπὴ γένοιτ’ ἄν. τρέπεται δ’ ἥλιος δὶς τοῦ ἐνιαυτοῦ, θέρους τε καὶ χειμῶνος.
τρόπος	fashion, way, manner.
τροφεῖα	μισθὸς τῆς τροφῆς.
τροφή	food. τροφῇ τρέφοµεν ὅ τι ἂν τρέφωµεν.
τροφός	nurse. ἡ τροφὸς τρέφει τὰ τέκνα ἀντὶ τῆς µητρός, δίδωσι μὲν γάλα καὶ σιτία, θεραπεύει δέ.
τροχαλός	τίς ἐστιν ἐὰν τρέχη.
τροχός	κύκλος· αἱ δ’ ἅμαξαι ἐπὶ τροχῶν φέρονται· τὰ δὲ παιδία παίζουσι τροχοῖς μηχανὴ ὥσπερ κύκλος, ᾧ καθέλκουσι τοὺς κάλως οἱ ναῦται.
τρύγητός	ἐστι βοτρύων καὶ σύκων καὶ ἐλαιῶν, ὥσπερ θέρος κριθῶν καὶ πυρῶν.
τρυγῶ	ἐν τῷ τρυγήτῳ τρυγῶσιν.
τρύπανον	ὄργανον τεκτόνων, ᾧ τρυπῶσι ξύλον, τρῆμα τετραίνοντες.
τρυφή	luxury, softness. ἐκ πλούτου γένοιτ’ ἂν τρυφή, ἐκ δὲ τρυφῆς ἀκολασία.
τρυφῶ	ἐν τρυφῇ ζῶ.
τρώγλη	ὀπή, ἄντρον.
Τρωγλοδύτης	ὁ οἰκῶν ἐν τρώγλῃ ἢ ἄντρῳ.
τρώγω	ἐσθίω· τρώγει δὲ τὰ ζῷα, ἀλλ’ ἐσθίουσν ἄνθρωποι.
τρωκτός	ἐὰν δυνώµεθα ἐσθίειν τι, τρωκτόν ἐστιν.
τυγχάνω	(1) καταλαμβάνω, κτῶμαι, ἢ τοὐναντίον τῷ ἁμαρτάνειν· τυγχάνοι γὰρ ἄν τις τοξεύων, εἰ μὴ ἁμαρτάνοι· τύχοι δ’ ἂν τούτων ἃ λάβοι. (2) κυρῶ· ὃς ἂν ᾖ, τυγχάνει ὤν.
τυλίττω	περικαλύπτω, περισφίγγω.
τύµπανον	ὄργανον ξύλινον μετὰ δέρµατος, ὅπερ παταγοῦσιν.
τυραννίς	ὁ τύραννος ἔχει τυραννίδα καὶ τυραννεύει.
τῡρός	cheese. τυρεύουσι τὸ γάλα οἱ ἐν ἀγροῖς, ὥστε τυρὸς γίγνεται,
τυφλός	ἐστιν ὁ ἄνευ ὀφθαλμῶν, ὁ μὴ ὀφθαλμοὺς ἔχων, ὁ μὴ ὁρῶν.
τύχη	chance
ὕβρις	βία καὶ ἀσέβεια.
ὑγίεια	health. τὸ δ’ ἐναντίον, νόσος. οἱ ὑγιεινοὶ ὑγίειαν ἔχουσι, τοῦτ’ ἐστίν, ὑγιαίνουσι· οἱ δὲ νόσον ἔχοντες, νοσοῦσιν.
ὑγρός	ὑδατώδης
ὑδατώδης	ὕδωρ φέρων.
ὑδρεύομαι	κομίζοµαι ὕδωρ.
ὕδωρ	water
ὑετός	rain. ὕδωρ ἐξ οὐρανοῦ παρὰ Διὸς καταπῖπτον.
υἱός	son. τέκνον ἄρρεν ἐστὶν υἱός, τὸ δὲ θῆλυ τέκνον καλεῖται θυγατήρ.
ὑλακή	ὅρα τὸ ὑλακτῶ.
ὑλακτῶ	ὑλακτεῖ ὁ κύων, ὥσπερ φωνῇ χρώµενος τῇ ὑλακῇ.
ὕλη	wood. ὅπου πολλὰ δένδρα ὁμοῦ, ἐνταῦθα ὕλη.
Ὑμηττὸς	ὄρος ἐστὶ μέγα τῆς Ἀττικῆς, ἐν ᾧ μέλι ἄριστόν ἐστι τὸ τῶν μελιττῶν.
ὑπακούω	παῖε τὴν θύραν, καὶ ὑπακούει τις δοῦλος.
ὑπανθῶ	ὑπανθεῖ ἡ γῇ ἐπειδὰν ἄρχηται βλαστάνειν τὰ ἄνθη.
ὑπαντιάζω	ἐναντίον ἔρχομαι.
ὑπάρχω	exist
ὑπεκτρέχω	τρέχων ἀποφεύγω ἔκ τινος.
ὑπέρ τι	beyond
ὑπέρ τινος	over, on behalf of
ὑπερασπίζω	ἀμύνω τινὶ τῇ ἀσπίδι.
ὑπερβάλλομαι	ἀναβάλλομαι, μηκύνω τὸν χρόνον, κελεύω. ὕστερον ποιεῖν.
ὑπηρέτης	διάκονος, οἰκέτης, ὑπηρετοῦσι δ’ οἱ ὑπηρέται.
ὑπέρκοπος	ὑπερβάλλων.
ὑπερορῶ	καταφρονῶ
ὑπερφυῶς ὧς	πάντων μάλιστα, θαυμασιώτατα.
ὑπισχνοῦμαι	πίστιν δοὺς ἐπαγγέλλω ποιήσειν τι.
ὕπνος	sleep. κοιμώµεθα ἐν ὕπνῳ νυκτός.
ὑπό τι	towards and under
ὑπό τινος	rest under; from under, by (agent or cause)
ὑπό τινι	rest under
ὑποδεδέμενος	φορῶν ὑποδήματα,
ὑποδέω	ὑποδοῦμαι ὑποδήματα,
ὑποδιδάσκαλος	subordinate instructor.
ὑπολαμβάνω	τοῦτ’ εἴη ἂν τὸ λέγειν μεταξὺ λέγοντος ἄλλου.
ὑποτελῶ	τελῶ· ἀποδίδωμι τὰ τέλη.
ὑποφθέγγομαι	φθόγγον ἢ φωνὴν ποιοῦμαι οὐ μεγάλην.
ὕπτιος	on the back, face upwards. ἡ χεὶρ ὑπτία οὖσα ἔχει ἄνω τὸ θέναρ. τὸ δ’ ἐναντίον, πρήνης.
ὑπτιῶ	καταβάλλω ὕπτιον.
ὗς	σῦς.
ὕστεραῖος	ὁ ὕστερον. ἡ ὑστεραία ἡμέρα ἡ μετὰ ταύτην ἐστίν.
ὕστερον	later
ὑστερῶ	ὕστερον ἔρχομαι, τὸ δ’ ἐναντίον, φθάνω.
ὑφαίνω	weave. ἱστῷ χρωµένη ὑφαίνει ἡ γυνὴ ὑφάσματα.
ὕφασμα	ὑφαίνοι τις ἂν ὕφασµα· τοῦτο δ’ ὑφαντὸν ἂν εἴη.
ὑφίημι	καθίηµι, ποιῶ ὥστε καταπεσεῖν.
ὑφίσταμαι	ὑπισχνοῦμαι, ἐθέλω λαβεῖν.
ὑψηλός	high. τὸ μὴ ταπεινόν ἐστιν ὑφηλόν. καὶ ὑψηλοὶ μὲν οἱ λόφοι, ὑψηλὰ δὲ τὰ ὄρη.
ὕω	rain. ὕει ὁ Ζεὺς ὑετὸν παταβάλλων ἐξ οὐρανοῦ· ὁ δ’ ὑετὸς ὕδωρ οὐράνιον.
φαίνω	show
φάκελος	πλῆθος ξύλων συνδεδεµένων.
φάραγξ	χαράδραν μεταξὺ ὁρῶν ἂν φάραγγα λέγοις.
φάρμακον	οἱ ἰατροὶ φάρμακα διδόασιν, ἵνα ἰῶνται.
φάσκωλος	πηρίδιον.
φάτνη	πύελος ἐν ᾗ ἡ τροφὴ κεῖται τοῖς βουσίν.
φάττα	pigeon
φέγγω	shine. φέγγει ἡ σελήνη φῶς ἢ φέγγος δίδουσα.
φείδοµαι	ἀπέχειν χεῖρα ὥστε μὴ χρῆσθαι. αὐτίκα γὰρ φειδόμεθα τῶν πολεµίων μὴ ἀποκτανόντες.
φειδώ	τὸ φείδεσθαι. κλίνεται δ’ ὥσπερ ἡ πειθώ. (φειδοῦς, φειδοῖ.)
φέρε	come now!
φέρω	carry. φέρειν ἄγειν λέγονται οἱ ἐν πολέμῳ· ἄγουσι μὲν γὰρ τὰ ζῷα φέρουσι δὲ τἄλλα.
φεῦ	expresses any shock of feeling, grief or surprise.
φεύγω	ἀποτρέχω.
φηγός	oak. βαλάνους φύει ἡ φηγός· τὰς δὲ βαλάνους τρώγουσιν νῦν μὲν οἱ χοῖροι, πρότερον δὲ καὶ ἄνθρωποι.
φθάνω	σπουδῇ πορεύομαι ὥστε πρῶτος ἀφικέσθαι· φθάνω ἀφικόμενος φθάσας ἀφικόμην.
φθινόπωρον	τὸ μετὰ τὸ θέρος, ὅταν γένηται ἡ ὀπώρα· φθινούσης τῆς ὀπώρας.
φθοῖς, φθοιός	cake.
φθονῶ	grudge, envy. φιλεῖ φθονεῖν τις κακοδαίµων ὢν τῷ εὐδαίμονι.
φιάλη	µέγα τε καὶ πλατὺ ποτήριον.
φιλάνθρωπος	φιλεῖ τοὺς ἀνθρώπους ὁ φιλάνθρωπος.
φιλεργίᾱ	ὅταν φιλῇ τις τὰ ἔργα, φιλεργός ἐστιν.
φιλονεικῶ	ἐθέλω ἅμιλλαν ποιεῖσθαι ὥστε νικᾶν.
φιλοξενίᾱ	οἱ φιλόξενοι εὖ ποιοῦσι τοὺς ξένους, ἀσπαζόμενοί τε καὶ δεχόµενοι φιλίως.
φίλος	dear. τὸν φίλον φιλοῦμεν· τὸ δ’ ἐναντίον ἐχθρός.
φίλτρον	φάρµακον µαγευτικόν.
φιλῶ	love. φιλεῖ τις ἀγαπῶν καὶ ἐρῶν. φιλεῖ δὲ καὶ συµβάλλων στόμα στόµατι· καὶ δὴ καὶ φιλεῖ ποιεῖν ὅ τι ἂν ποιῇ κατὰ τὸ εἰωθός.
φλοιός	ὥσπερ δέρµα δένδρων.
φλὸξ	γίγνεται τοῦ πυρὸς λάµποντος· λέγοις δὲ ἂν καὶ φλόγα τὸ πῦρ καιόµενον.
φλυᾱρῶ	φλυαρεῖ τις ληρῶν· αὕτῃ δὲ φλυᾱρίᾱ.
φοβερός	τὸ φοβερὸν φόβον ἐμποιεῖ.
φόβος	fear.
φοβῶ	φόβον ἐμποιῶ.
Φοῖνῑξ	οἱ Φοίνικες ἐκ Φοινικίας εἰσὶν καὶ Συρίας.
φοιτῶ	visit
φολίς	ἔχει φολίδας ό θώραξ· ἔχει δὲ καὶ δράκων καὶ ἰχθὺς καὶ κροκόδειλος δορὰν φολιδωτήν.
φορτικός	ναῦς φορτικὴ φέρει γόμον· ἀνὴρ δὲ φορτικὸς φαῦλός ἐστι καὶ ἁμαθής καὶ ἀβέλτερος.
φορῶ	φέρω ἀεί. ἐσθῆτας δὲ φοροῦμεν.
φράττω	κίνδυνον ἀπαμύνω οἰκοδομῶν ἕρκος ἢ τεῖχος ἢ αἱμασίαν.
φρέαρ	ὄρυγμα βαθύ, ἐν ᾧ ὕδωρ ἐστίν. τὸ δ’ ὕδωρ τὸ ἐν φρέᾱτι οὐ ῥεῖ ὥσπερ κρήνη.
φρίττω	φρίττουσιν αἱ τρίχες παντὸς μὲν τοῦ σώματος ἐπειδὰν ψῦχος ᾖ, τῆς δὲ κόµης ἐὰν φοβώμεθα· οἱ δὲ σταχύες φρίττουσιν ἀνέμου πνέοντος, καὶ δὴ καὶ τὰ κύματα τῆς θαλάττης.
φροντίς	μέριμνα, κήδος· τὸ ἐν φρενί, φροντὶς ἂν εἴη.
φροῦδος	ἐστιν ὁ µηκέτι παρών.
φρουρῶ	φυλάττει ὃς φρουρεῖ φρουρὸς ὤν.
φρῡγανισμός	wood for firing.
φυλάττω	guard. φυλάττει ὁ φύλαξ φυλακὴν ποιούενος.
φύλλον	leaf. φύεται τὰ φύλλα ἐπὶ τῶν κλάδων, οἱ δὲ κλάδοι ἐπὶ τῶν δένδρων.
φύσις	nature
φῡσῶ	blow. φυσᾷ δ’ ὁ ἄνεμος λαμπρὸς καὶ λαβρὸς καὶ πολύς.
φυτεύω	plant. δένδρα. καὶ λάχανα φυτεύεται ἐν κήποις.
φύω	grow
φωνή	voice, sound
φώρ	κλέπτης
χαλεπαίνω	ὀργίζομαι, χαλεπῶς φέρω.
χαλκήρης	χαλκοῦς.
χαλκοῦς	of bronze.
χαλῶ	τὸ ἐναντίον τοῦ ἐντείνειν. χαλᾷ γάρ τις τὰς ἡνίας ἐὰν δέῃ φέρεσθαι τοὺς ἵππους· χαλάσας δὲ τὰς χορδὰς τῆς λύρας βαρὺν ποιεῖ τὸν φθόγγον.
χαμαί	ἐπὶ τῆς γῆς.
χαράδρᾱ	ὅπου ῥύαξ καταρρεῖ καὶ χείμαρρος.
χαρακτὴρ	σημεῖόν ἐστιν ἐπὶ τοῦ νομίσµατος κεχαραγµένον· τὸ δὲ χαράττειν γράφειν ἂν εἴη.
χαρίζοµαι	δίδωµι δῶρον.
χάσμα	ἐπειδάν τις χάσκῃ, ἀνοίξας τὸ στόµα, ἰδοὺ χάσµα στόματος.
χαυλιόδους	ὀδόντας ἔχων προέχοντας.
χεῖλος	δύο χείλη ἔχει τὸ στόμα.
χείµαρρος	ῥεῦμα χειµεριόν. ῥύαξ.
χειμερινός	τοῦ χειμῶνος.
χειμών	θύελλα, ἄνεμος μέγας μεθ’ ὑετοῦ καὶ βροντῆς· ἔστι δὲ καὶ μέρος τοῦ ἐνιαυτοῦ, καὶ γὰρ χειμῶνος ὄντος νίφει ὁ Ζεύς.
χελει-χελώνη	a humourous doubling of the first syllables of χελώνη.
χελῑδών	αὕτη ἡ ὄρνις, τὴν χελιδόνα λέγω, χειμῶνος μὲν ἀποδημεῖ, ἦρος δὲ κατέρχεται.
χελώνη	tortoise. ἡ χελώνη ὄστρακον ἔχει, ἐξ οὗ ποιοῦσι λύρας,
χηλή	ποὺς βοὸς ἢ τράγου ἢ ἵππου.
χήν	goose. ὁ χὴν οὐκ ἀνόμοιος τῇ νήττῃ, τὸν τράχηλον δ’ ἔχει µακρότερον.
χθές	yesterday. ἡ παριοῦσα ἡμέρα χθές, ἡ δ’ ἐπιοῦσα αὔριον.
χθιζός	χθές. τὰ γὰρ χθὲς γενόµενα, χθιζά.
χῑλός	τροφὴ τῶν τ’ ἄλλων καὶ τῶν βοῶν· διαφέρει δὲ τῆς πόας· ἀπόκειται γὰρ ὁ χιλὸς ἐν σταθμῳ, τὴν δὲ πόαν νέµονται ἐν νοµῷ.
χιτών	tunic
χιτώνιον	χιτὼν µικρός.
χιών	ὅταν νίφῃ ὁ θεός, τότ’ ἂν ἴδοις χιόνα. λευκὴ μέν ἐστιν ἡ χιών, καὶ πίπτει ἄνευ ψόφου. ἡ δ’ αὖ χάλαζα σκληρά τ’ ἐστὶ καὶ στρογγύλη, πίπτει δὲ μετὰ ψόφου.
χλαῖνα	cloak
χλωρός	ἡ πόα χλωρά ἐστι τὸ χρῶμα. χλωροὶ δὲ καὶ οἱ διὰ φόβου ὄντες.
χοῖνιξ	ἡ χοῖνιξ χωρεῖ τέτταρας κοτύλας
χοιράς	πέτρα.
χοιροκομεῖον	σταθμὸς τῶν χοίρων, ἐν ᾧ κοµίζονται καὶ φυλάττονται.
χοῖρος	pig
χόλος	ὀργή.
χορδή	gut; string
χορεύω	dance
χορός	σύλλογος ἀνθρώπων χορευόντων.
χόρτος	hay
χρῆμα	πάντ’ ἐστὶ χρήματα, τά τ’ ἄλλα καὶ τὸ ἀργύριον.
χρήσιμος	useful
χρηστός	ἐστιν ὁ μὴ ἀδικῶν µήδένα.
χρίω	ἀλείφω ἐλαίῳ.
χρόνος	time. ἐν ᾧ χρόνῳ· ἐν ᾧ, ὅτε,
χρῡσοῦς	golden
χρῶμαι (1)	use. χρώμεθα τοῖς χρησίµοις. καὶ δὴ καὶ ὁ ὀργιζόμενος χρῷτο ἂν ὀργῇ, καὶ ὁ εὐτυχὴς ἀγαθῇ τύχῃ ἂν χρῷτο, χρῶνται καὶ φίλοι φίλοις, χρῆται δὲ καὶ πολέμιος πολεµίῳ. ἔστι δὴ ῥῆμα χρήσιµον τὸ χρῆσθαι.
χρῶμαι (2)	ἐρωτῶ τὸν θεὸν ἐν μαντείῳ· ὁ δὲ χρῆ χρηστήρια ἐρωτώμενος.
χρώς	ὅπερ τὸ δέρµα βουσί, τοῦτο τοῖς ἀνθρώποις ὁ χρώς.
χῶμα	γῆ ἐξωρυγμένη.
χώρα	place, τόπος, γῆ.
χωρίον	place, farm, χώρα μικρά, τόπος οὐ μέγας, ἡ μοῖρα τῶν ἀγρῶν ἐν ᾗ γεωργεῖ τις.
χωρίς	ἄνευ.
χωρῶ	χώραν ἔχω. τὰ κενὰ χωρεῖ.
ψάλλω	τοῖς δακτύλοις καὶ τῷ πλήκτρῳ ψάλλοµεν λύραν ἢ κιθάραν, ὥστε µέλος γενέσθαι.
ψάµµος	ἄμμος. ἐπὶ τοῦ αἰγιαλοῦ εὑρίσκεται ἡ ψάμµος· τὸ μὲν χρῶμά ἐστι χρυσοῦν, ὁ δ’ ἀριθμὸς ἀναρίθµητος.
ψηφίζομαι	ψῆφον καταβάλλω. οἱ γὰρ πολίται ψηφίζονται ἐν τῇ ἐκκλησίᾳ ὥστε ποιεῖν τι δηµοσίᾳ.
ψῑλος	γυμνός· οὐδὲν ἄλλο ἢ...
ψιττακὸς	ὄρνις ἐστίν, ὃς φωνῇ χρῆται ὥσπερ ἀνθρωπίνῃ.
ψυχρός	οὐ θερμός. ψυχροί έσµεν τοῦ χειμῶνος.
ὦ οὗτος	I say! You!
ᾠδή	ᾄδομεν ᾠδάς.
ὦμος	shoulder
ὦνος	μισθός.
ᾠόν	τὰ ὀρνίθια τίκτει ᾠά, ἀντὶ τέκνων· ἐκ δὲ τῶν ᾠῶν φύεται τὰ νεόττια.
ὥρα	µέρος τοῦ ἐνιαυτοῦ ἢ τοῦ βίου
ὡραῖος	ἐν ὥρᾳ ὤν, ἕτοιμος.
ὥς τινα	to (a person)
ὥσπερ	as if, like.
ὥστε	so that
ὦτα	τοῖς ὠσὶν ἀκούομεν.
ὠτειλή	wound, τραῦμα.
ὤφελον	εἰ γάρ, εἴθε γάρ. εὐχή ἐστιν.
ὠφελῶ	βοηθῶ, κέρδος ἢ βοήθειαν παρέχω.
